{"stats":{"minecraft:picked_up":{"minecraft:book":60,"minecraft:crafting_table":1,"ecologics:coconut_slice":8,"minecraft:black_bed":1,"minecraft:spruce_log":7,"twigs:pebble":1,"minecraft:bricks":1,"minecraft:cobblestone":6,"minecraft:furnace":1},"minecraft:mined":{"twigs:pebble":1,"minecraft:furnace":1,"minecraft:spruce_log":7,"minecraft:black_bed":1,"minecraft:crafting_table":1,"minecraft:bookshelf":20,"minecraft:stone":6,"minecraft:bricks":1},"minecraft:killed_by":{"ecologics:coconut_crab":1,"minecraft:phantom":1},"minecraft:dropped":{"ecologics:coconut_slice":1},"minecraft:used":{"minecraft:bricks":1,"minecraft:stone_pickaxe":2,"minecraft:wooden_pickaxe":6,"ecologics:coconut_slice":3,"minecraft:stone_axe":21,"minecraft:crafting_table":1,"twigs:pebble":1},"minecraft:custom":{"minecraft:time_since_rest":6819,"enigmaticlegacy:play_time_with_seven_curses":9988,"minecraft:sprint_one_cm":12107,"minecraft:damage_taken":630,"minecraft:walk_one_cm":27283,"minecraft:drop":1,"enigmaticlegacy:play_time_without_seven_curses":6738,"minecraft:interact_with_crafting_table":4,"minecraft:fly_one_cm":20461,"minecraft:crouch_one_cm":989,"minecraft:play_time":16966,"minecraft:deaths":2,"minecraft:sneak_time":242,"minecraft:walk_under_water_one_cm":920,"minecraft:jump":57,"minecraft:walk_on_water_one_cm":1369,"minecraft:time_since_death":6640,"minecraft:total_world_time":16966,"minecraft:climb_one_cm":1842,"minecraft:fall_one_cm":872},"minecraft:crafted":{"minecraft:crafting_table":1,"minecraft:stick":12,"minecraft:spruce_planks":28,"minecraft:wooden_pickaxe":1,"minecraft:stone_pickaxe":1,"minecraft:stone_axe":1}},"DataVersion":3120}