{"stats":{"minecraft:custom":{"minecraft:interact_with_furnace":31,"minecraft:mob_kills":17,"minecraft:interact_with_crafting_table":17,"minecraft:time_since_death":53779,"minecraft:time_since_rest":53779,"minecraft:sprint_one_cm":148986,"minecraft:damage_taken":1056,"minecraft:walk_one_cm":154168,"minecraft:damage_blocked_by_shield":1680,"minecraft:drop":12,"minecraft:damage_dealt":2520,"minecraft:swim_one_cm":13342,"minecraft:fly_one_cm":169645,"minecraft:crouch_one_cm":6605,"minecraft:play_time":53779,"minecraft:sneak_time":2001,"minecraft:walk_under_water_one_cm":10611,"minecraft:jump":1352,"minecraft:walk_on_water_one_cm":10207,"minecraft:total_world_time":53779,"minecraft:fall_one_cm":33896},"minecraft:used":{"minecraft:water_bucket":11,"minecraft:diorite":3,"minecraft:stone_sword":22,"minecraft:stone_pickaxe":118,"minecraft:shield":27,"minecraft:spruce_planks":37,"minecraft:wooden_pickaxe":5,"minecraft:torch":2,"minecraft:dirt":5,"minecraft:crafting_table":4,"minecraft:spruce_log":2,"minecraft:diamond_pickaxe":55,"minecraft:lava_bucket":1,"minecraft:iron_pickaxe":130,"minecraft:spruce_sapling":2,"minecraft:stone_axe":48,"minecraft:cobblestone":7,"minecraft:sweet_berries":9,"minecraft:furnace":2,"minecraft:cooked_porkchop":4,"minecraft:bucket":12,"minecraft:cooked_beef":7},"minecraft:mined":{"minecraft:deepslate_redstone_ore":8,"minecraft:tuff":11,"minecraft:spruce_planks":3,"minecraft:brown_mushroom":4,"minecraft:deepslate_diamond_ore":5,"minecraft:obsidian":4,"minecraft:crafting_table":2,"minecraft:grass_block":2,"minecraft:poppy":8,"minecraft:copper_ore":8,"minecraft:deepslate_gold_ore":5,"minecraft:spruce_leaves":6,"minecraft:lapis_ore":3,"minecraft:diorite":5,"minecraft:redstone_ore":14,"minecraft:spruce_sapling":2,"minecraft:furnace":1,"minecraft:iron_ore":86,"minecraft:sweet_berry_bush":1,"minecraft:spruce_log":24,"minecraft:birch_leaves":1,"minecraft:deepslate_lapis_ore":12,"minecraft:coal_ore":40,"minecraft:oak_log":6,"minecraft:deepslate_iron_ore":16,"minecraft:dirt":3,"minecraft:stone":44,"minecraft:gold_ore":12,"minecraft:oak_leaves":2,"minecraft:deepslate":32,"minecraft:fern":1},"minecraft:crafted":{"minecraft:cooked_beef":5,"minecraft:cooked_porkchop":4,"minecraft:crafting_table":2,"minecraft:spruce_planks":64,"minecraft:wooden_pickaxe":1,"minecraft:iron_helmet":1,"minecraft:furnace":1,"minecraft:bucket":1,"minecraft:stone_axe":1,"minecraft:cooked_mutton":1,"minecraft:air":0,"minecraft:iron_chestplate":1,"minecraft:diamond_pickaxe":1,"minecraft:shield":1,"minecraft:stick":16,"minecraft:iron_ingot":24,"minecraft:iron_pickaxe":1,"minecraft:stone_pickaxe":1,"minecraft:stone_sword":1},"minecraft:dropped":{"minecraft:tuff":11,"minecraft:pointed_dripstone":2,"minecraft:light_gray_wool":1,"minecraft:cooked_mutton":1,"minecraft:stick":1,"minecraft:dirt":1,"minecraft:diorite":1,"minecraft:torch":30,"minecraft:brown_wool":1,"minecraft:wooden_pickaxe":1,"minecraft:string":1},"minecraft:killed":{"minecraft:pig":2,"minecraft:sheep":5,"minecraft:skeleton":6,"minecraft:enderman":1,"minecraft:cow":3},"minecraft:picked_up":{"minecraft:crafting_table":2,"minecraft:glow_ink_sac":2,"minecraft:leather":2,"minecraft:brown_wool":1,"minecraft:brown_mushroom":3,"minecraft:tuff":11,"minecraft:oak_log":6,"minecraft:string":1,"minecraft:lapis_lazuli":99,"minecraft:dirt":6,"minecraft:raw_copper":34,"minecraft:bone":8,"minecraft:cobbled_deepslate":36,"minecraft:raw_gold":17,"minecraft:spruce_planks":3,"minecraft:beef":5,"minecraft:poppy":8,"minecraft:light_gray_wool":1,"minecraft:furnace":1,"minecraft:stick":4,"minecraft:raw_iron":102,"minecraft:sweet_berries":14,"minecraft:torch":32,"minecraft:porkchop":6,"minecraft:spruce_sapling":6,"minecraft:pointed_dripstone":2,"minecraft:diorite":6,"minecraft:spruce_log":24,"minecraft:redstone":99,"minecraft:arrow":5,"minecraft:diamond":5,"minecraft:bone_meal":1,"minecraft:obsidian":4,"minecraft:mutton":8,"minecraft:coal":78,"minecraft:white_wool":3,"minecraft:cobblestone":55}},"DataVersion":3465}