{"stats":{"minecraft:custom":{"minecraft:interact_with_furnace":34,"minecraft:mob_kills":28,"minecraft:interact_with_crafting_table":19,"minecraft:time_since_death":1085,"minecraft:time_since_rest":1117,"minecraft:sprint_one_cm":204519,"minecraft:damage_taken":3180,"minecraft:walk_one_cm":222414,"minecraft:damage_blocked_by_shield":1965,"minecraft:drop":15,"minecraft:damage_dealt":4170,"minecraft:swim_one_cm":13342,"minecraft:fly_one_cm":204867,"minecraft:crouch_one_cm":11153,"minecraft:play_time":77779,"minecraft:deaths":6,"minecraft:sneak_time":3714,"minecraft:walk_under_water_one_cm":10611,"minecraft:jump":1701,"minecraft:walk_on_water_one_cm":18190,"minecraft:total_world_time":77779,"minecraft:fall_one_cm":37901},"minecraft:killed_by":{"minecraft:cave_spider":1,"minecraft:skeleton":4},"minecraft:used":{"minecraft:cooked_mutton":1,"minecraft:water_bucket":13,"minecraft:diorite":3,"minecraft:stone_sword":40,"minecraft:stone_pickaxe":118,"minecraft:shield":32,"minecraft:spruce_planks":37,"minecraft:wooden_pickaxe":5,"minecraft:torch":2,"minecraft:dirt":5,"minecraft:mutton":3,"minecraft:crafting_table":5,"minecraft:spruce_log":2,"minecraft:diamond_pickaxe":155,"minecraft:lava_bucket":1,"minecraft:iron_pickaxe":130,"minecraft:spruce_sapling":2,"minecraft:stone_axe":67,"minecraft:cobblestone":39,"minecraft:sweet_berries":9,"minecraft:furnace":3,"minecraft:cooked_porkchop":4,"minecraft:bucket":15,"minecraft:cobbled_deepslate":50,"minecraft:cooked_beef":11},"minecraft:mined":{"minecraft:deepslate_redstone_ore":12,"minecraft:tuff":11,"minecraft:spruce_planks":3,"minecraft:brown_mushroom":4,"minecraft:deepslate_diamond_ore":6,"minecraft:obsidian":11,"minecraft:crafting_table":2,"minecraft:granite":1,"minecraft:grass_block":2,"minecraft:poppy":8,"minecraft:cobblestone":2,"minecraft:copper_ore":8,"minecraft:deepslate_gold_ore":8,"minecraft:spruce_leaves":6,"minecraft:lapis_ore":3,"minecraft:diorite":5,"minecraft:spawner":1,"minecraft:redstone_ore":14,"minecraft:spruce_sapling":2,"minecraft:furnace":1,"minecraft:iron_ore":113,"minecraft:sweet_berry_bush":1,"minecraft:spruce_log":24,"minecraft:birch_leaves":1,"minecraft:deepslate_lapis_ore":16,"minecraft:coal_ore":40,"minecraft:oak_log":6,"minecraft:deepslate_iron_ore":22,"minecraft:dirt":3,"minecraft:cobweb":7,"minecraft:stone":54,"minecraft:gold_ore":18,"minecraft:oak_leaves":2,"minecraft:deepslate":60,"minecraft:fern":1},"minecraft:crafted":{"minecraft:cooked_beef":5,"minecraft:cooked_porkchop":4,"minecraft:crafting_table":3,"minecraft:spruce_planks":64,"minecraft:wooden_pickaxe":1,"minecraft:iron_helmet":1,"minecraft:furnace":2,"minecraft:bucket":1,"minecraft:stone_axe":1,"minecraft:cooked_mutton":5,"minecraft:air":0,"minecraft:iron_chestplate":1,"minecraft:diamond_pickaxe":1,"minecraft:shield":1,"minecraft:stick":16,"minecraft:iron_ingot":24,"minecraft:iron_pickaxe":1,"minecraft:stone_pickaxe":1,"minecraft:stone_sword":1},"minecraft:dropped":{"minecraft:gravel":1,"minecraft:tuff":11,"minecraft:pointed_dripstone":2,"minecraft:light_gray_wool":1,"minecraft:cooked_mutton":1,"minecraft:stick":1,"minecraft:dirt":1,"minecraft:diorite":3,"minecraft:torch":30,"minecraft:brown_wool":1,"minecraft:stone_pickaxe":1,"minecraft:wooden_pickaxe":1,"minecraft:string":1},"minecraft:killed":{"minecraft:cave_spider":4,"minecraft:pig":2,"minecraft:slime":1,"minecraft:sheep":5,"minecraft:skeleton":7,"minecraft:zombie":4,"minecraft:enderman":2,"minecraft:cow":3},"minecraft:picked_up":{"minecraft:iron_chestplate":3,"minecraft:crafting_table":2,"minecraft:cooked_beef":4,"minecraft:water_bucket":5,"minecraft:glow_ink_sac":10,"minecraft:leather":12,"minecraft:brown_wool":1,"minecraft:brown_mushroom":12,"minecraft:tuff":11,"minecraft:oak_log":21,"minecraft:shield":4,"minecraft:string":11,"minecraft:lapis_lazuli":672,"minecraft:dirt":6,"minecraft:raw_copper":204,"minecraft:bone":42,"minecraft:bucket":1,"minecraft:cobbled_deepslate":126,"minecraft:raw_gold":147,"minecraft:spruce_planks":16,"minecraft:iron_ingot":26,"minecraft:beef":5,"minecraft:stone_pickaxe":5,"minecraft:poppy":8,"minecraft:light_gray_wool":1,"minecraft:furnace":1,"minecraft:stick":44,"minecraft:raw_iron":510,"minecraft:sweet_berries":39,"minecraft:torch":32,"minecraft:gravel":1,"minecraft:porkchop":9,"minecraft:spruce_sapling":26,"minecraft:pointed_dripstone":2,"minecraft:diorite":8,"minecraft:spruce_log":42,"minecraft:redstone":556,"minecraft:spider_eye":5,"minecraft:stone_sword":3,"minecraft:arrow":21,"minecraft:rotten_flesh":27,"minecraft:slime_ball":12,"minecraft:diamond":8,"minecraft:stone_axe":4,"minecraft:bone_meal":6,"minecraft:obsidian":42,"minecraft:mutton":21,"minecraft:coal":78,"minecraft:white_wool":18,"minecraft:cobblestone":118,"minecraft:diamond_pickaxe":4}},"DataVersion":3465}