{"stats":{"minecraft:custom":{"minecraft:interact_with_furnace":31,"minecraft:mob_kills":20,"minecraft:interact_with_crafting_table":17,"minecraft:time_since_death":9593,"minecraft:time_since_rest":9997,"minecraft:sprint_one_cm":165128,"minecraft:damage_taken":1396,"minecraft:walk_one_cm":174574,"minecraft:damage_blocked_by_shield":1695,"minecraft:drop":12,"minecraft:damage_dealt":3309,"minecraft:swim_one_cm":13342,"minecraft:fly_one_cm":192415,"minecraft:crouch_one_cm":8445,"minecraft:play_time":65779,"minecraft:deaths":1,"minecraft:sneak_time":3103,"minecraft:walk_under_water_one_cm":10611,"minecraft:jump":1525,"minecraft:walk_on_water_one_cm":12935,"minecraft:total_world_time":65779,"minecraft:fall_one_cm":36462},"minecraft:used":{"minecraft:water_bucket":13,"minecraft:diorite":3,"minecraft:stone_sword":27,"minecraft:stone_pickaxe":118,"minecraft:shield":28,"minecraft:spruce_planks":37,"minecraft:wooden_pickaxe":5,"minecraft:torch":2,"minecraft:dirt":5,"minecraft:crafting_table":4,"minecraft:spruce_log":2,"minecraft:diamond_pickaxe":103,"minecraft:lava_bucket":1,"minecraft:iron_pickaxe":130,"minecraft:spruce_sapling":2,"minecraft:stone_axe":55,"minecraft:cobblestone":37,"minecraft:sweet_berries":9,"minecraft:furnace":2,"minecraft:cooked_porkchop":4,"minecraft:bucket":14,"minecraft:cooked_beef":9},"minecraft:mined":{"minecraft:deepslate_redstone_ore":12,"minecraft:tuff":11,"minecraft:spruce_planks":3,"minecraft:brown_mushroom":4,"minecraft:deepslate_diamond_ore":6,"minecraft:obsidian":11,"minecraft:crafting_table":2,"minecraft:grass_block":2,"minecraft:poppy":8,"minecraft:copper_ore":8,"minecraft:deepslate_gold_ore":8,"minecraft:spruce_leaves":6,"minecraft:lapis_ore":3,"minecraft:diorite":5,"minecraft:redstone_ore":14,"minecraft:spruce_sapling":2,"minecraft:furnace":1,"minecraft:iron_ore":86,"minecraft:sweet_berry_bush":1,"minecraft:spruce_log":24,"minecraft:birch_leaves":1,"minecraft:deepslate_lapis_ore":12,"minecraft:coal_ore":40,"minecraft:oak_log":6,"minecraft:deepslate_iron_ore":22,"minecraft:dirt":3,"minecraft:stone":44,"minecraft:gold_ore":12,"minecraft:oak_leaves":2,"minecraft:deepslate":59,"minecraft:fern":1},"minecraft:crafted":{"minecraft:cooked_beef":5,"minecraft:cooked_porkchop":4,"minecraft:crafting_table":2,"minecraft:spruce_planks":64,"minecraft:wooden_pickaxe":1,"minecraft:iron_helmet":1,"minecraft:furnace":1,"minecraft:bucket":1,"minecraft:stone_axe":1,"minecraft:cooked_mutton":1,"minecraft:air":0,"minecraft:iron_chestplate":1,"minecraft:diamond_pickaxe":1,"minecraft:shield":1,"minecraft:stick":16,"minecraft:iron_ingot":24,"minecraft:iron_pickaxe":1,"minecraft:stone_pickaxe":1,"minecraft:stone_sword":1},"minecraft:dropped":{"minecraft:tuff":11,"minecraft:pointed_dripstone":2,"minecraft:light_gray_wool":1,"minecraft:cooked_mutton":1,"minecraft:stick":1,"minecraft:dirt":1,"minecraft:diorite":1,"minecraft:torch":30,"minecraft:brown_wool":1,"minecraft:wooden_pickaxe":1,"minecraft:string":1},"minecraft:killed":{"minecraft:pig":2,"minecraft:sheep":5,"minecraft:skeleton":6,"minecraft:zombie":2,"minecraft:enderman":2,"minecraft:cow":3},"minecraft:picked_up":{"minecraft:iron_chestplate":1,"minecraft:crafting_table":2,"minecraft:cooked_beef":4,"minecraft:glow_ink_sac":4,"minecraft:leather":4,"minecraft:brown_wool":1,"minecraft:brown_mushroom":6,"minecraft:tuff":11,"minecraft:oak_log":12,"minecraft:shield":1,"minecraft:string":1,"minecraft:lapis_lazuli":198,"minecraft:dirt":6,"minecraft:raw_copper":68,"minecraft:bone":14,"minecraft:bucket":1,"minecraft:cobbled_deepslate":99,"minecraft:raw_gold":37,"minecraft:spruce_planks":8,"minecraft:iron_ingot":4,"minecraft:beef":5,"minecraft:stone_pickaxe":1,"minecraft:poppy":8,"minecraft:light_gray_wool":1,"minecraft:furnace":1,"minecraft:stick":12,"minecraft:raw_iron":161,"minecraft:sweet_berries":19,"minecraft:torch":32,"minecraft:gravel":1,"minecraft:porkchop":7,"minecraft:spruce_sapling":10,"minecraft:pointed_dripstone":2,"minecraft:diorite":8,"minecraft:spruce_log":30,"minecraft:redstone":216,"minecraft:stone_sword":1,"minecraft:arrow":10,"minecraft:diamond":6,"minecraft:stone_axe":1,"minecraft:bone_meal":2,"minecraft:obsidian":20,"minecraft:mutton":16,"minecraft:coal":78,"minecraft:white_wool":6,"minecraft:cobblestone":86,"minecraft:diamond_pickaxe":1}},"DataVersion":3465}