{"stats":{"minecraft:custom":{"minecraft:interact_with_furnace":40,"minecraft:mob_kills":28,"minecraft:interact_with_crafting_table":24,"minecraft:time_since_death":4525,"minecraft:time_since_rest":4555,"minecraft:sprint_one_cm":242079,"minecraft:damage_taken":5276,"minecraft:walk_one_cm":241022,"minecraft:damage_blocked_by_shield":2625,"minecraft:drop":17,"minecraft:damage_dealt":4188,"minecraft:swim_one_cm":13342,"minecraft:fly_one_cm":268815,"minecraft:crouch_one_cm":11541,"minecraft:play_time":89779,"minecraft:deaths":12,"minecraft:sneak_time":3897,"minecraft:walk_under_water_one_cm":14333,"minecraft:jump":1969,"minecraft:walk_on_water_one_cm":25005,"minecraft:total_world_time":89779,"minecraft:fall_one_cm":46875},"minecraft:killed_by":{"minecraft:cave_spider":1,"minecraft:skeleton":6,"minecraft:creeper":1,"minecraft:zombie":3},"minecraft:used":{"minecraft:cooked_mutton":5,"minecraft:water_bucket":22,"minecraft:diorite":3,"minecraft:stone_sword":40,"minecraft:stone_pickaxe":118,"minecraft:shield":40,"minecraft:spruce_planks":49,"minecraft:wooden_pickaxe":5,"minecraft:torch":2,"minecraft:dirt":5,"minecraft:mutton":3,"minecraft:crafting_table":6,"minecraft:spruce_log":2,"minecraft:obsidian":2,"minecraft:diamond_pickaxe":168,"minecraft:lava_bucket":1,"minecraft:iron_pickaxe":130,"minecraft:spruce_sapling":2,"minecraft:stone_axe":69,"minecraft:cobblestone":39,"minecraft:sweet_berries":9,"minecraft:furnace":4,"minecraft:cooked_porkchop":4,"minecraft:bucket":24,"minecraft:cobbled_deepslate":57,"minecraft:cooked_beef":11},"minecraft:mined":{"minecraft:deepslate_redstone_ore":12,"minecraft:tuff":13,"minecraft:spruce_planks":4,"minecraft:brown_mushroom":4,"minecraft:deepslate_diamond_ore":6,"minecraft:obsidian":16,"minecraft:crafting_table":3,"minecraft:granite":1,"minecraft:grass_block":2,"minecraft:poppy":8,"minecraft:cobblestone":2,"minecraft:copper_ore":8,"minecraft:deepslate_gold_ore":8,"minecraft:spruce_leaves":6,"minecraft:lapis_ore":3,"minecraft:diorite":5,"minecraft:spawner":1,"minecraft:redstone_ore":14,"minecraft:spruce_sapling":2,"minecraft:furnace":2,"minecraft:iron_ore":113,"minecraft:sweet_berry_bush":1,"minecraft:spruce_log":25,"minecraft:birch_leaves":1,"minecraft:deepslate_lapis_ore":16,"minecraft:coal_ore":40,"minecraft:oak_log":6,"minecraft:deepslate_iron_ore":22,"minecraft:dirt":3,"minecraft:cobweb":7,"minecraft:stone":54,"minecraft:gold_ore":18,"minecraft:oak_leaves":2,"minecraft:deepslate":65,"minecraft:fern":1},"minecraft:crafted":{"minecraft:cooked_beef":5,"minecraft:cooked_porkchop":4,"minecraft:crafting_table":4,"minecraft:spruce_planks":84,"minecraft:wooden_pickaxe":1,"minecraft:iron_helmet":1,"minecraft:furnace":3,"minecraft:bucket":1,"minecraft:stone_axe":1,"minecraft:cooked_mutton":6,"minecraft:air":0,"minecraft:iron_boots":1,"minecraft:iron_chestplate":1,"minecraft:diamond_pickaxe":1,"minecraft:shield":1,"minecraft:stick":16,"minecraft:iron_ingot":27,"minecraft:iron_pickaxe":1,"minecraft:stone_pickaxe":1,"minecraft:stone_sword":1,"minecraft:iron_leggings":1},"minecraft:dropped":{"minecraft:gravel":1,"minecraft:tuff":11,"minecraft:pointed_dripstone":2,"minecraft:light_gray_wool":1,"minecraft:cooked_mutton":1,"minecraft:stick":1,"minecraft:dirt":1,"minecraft:diorite":3,"minecraft:torch":30,"minecraft:brown_wool":1,"minecraft:spruce_log":1,"minecraft:stone_pickaxe":1,"minecraft:wooden_pickaxe":1,"minecraft:string":1,"minecraft:bone":1},"minecraft:killed":{"minecraft:cave_spider":4,"minecraft:pig":2,"minecraft:slime":1,"minecraft:sheep":5,"minecraft:skeleton":7,"minecraft:zombie":4,"minecraft:enderman":2,"minecraft:cow":3},"minecraft:picked_up":{"minecraft:iron_chestplate":3,"minecraft:crafting_table":3,"minecraft:cooked_beef":4,"minecraft:water_bucket":6,"minecraft:glow_ink_sac":14,"minecraft:leather":16,"minecraft:brown_wool":1,"minecraft:brown_mushroom":18,"minecraft:tuff":13,"minecraft:oak_log":24,"minecraft:shield":5,"minecraft:string":18,"minecraft:lapis_lazuli":928,"minecraft:dirt":6,"minecraft:raw_copper":238,"minecraft:cooked_mutton":2,"minecraft:bone":69,"minecraft:bucket":1,"minecraft:cobbled_deepslate":167,"minecraft:raw_gold":199,"minecraft:spruce_planks":21,"minecraft:iron_ingot":37,"minecraft:beef":5,"minecraft:stone_pickaxe":5,"minecraft:poppy":8,"minecraft:light_gray_wool":1,"minecraft:furnace":2,"minecraft:stick":60,"minecraft:raw_iron":701,"minecraft:sweet_berries":49,"minecraft:torch":32,"minecraft:gravel":1,"minecraft:porkchop":11,"minecraft:spruce_sapling":30,"minecraft:pointed_dripstone":2,"minecraft:diorite":8,"minecraft:spruce_log":53,"minecraft:redstone":662,"minecraft:spider_eye":6,"minecraft:stone_sword":5,"minecraft:arrow":29,"minecraft:rotten_flesh":36,"minecraft:slime_ball":18,"minecraft:diamond":10,"minecraft:stone_axe":6,"minecraft:bone_meal":9,"minecraft:obsidian":79,"minecraft:mutton":21,"minecraft:coal":78,"minecraft:white_wool":24,"minecraft:cobblestone":126,"minecraft:diamond_pickaxe":6}},"DataVersion":3465}