{"stats":{"minecraft:custom":{"minecraft:interact_with_furnace":29,"minecraft:mob_kills":12,"minecraft:interact_with_crafting_table":17,"minecraft:time_since_death":41779,"minecraft:time_since_rest":41779,"minecraft:sprint_one_cm":107296,"minecraft:damage_taken":335,"minecraft:walk_one_cm":120212,"minecraft:damage_blocked_by_shield":225,"minecraft:drop":5,"minecraft:damage_dealt":1450,"minecraft:swim_one_cm":13342,"minecraft:fly_one_cm":125731,"minecraft:crouch_one_cm":4815,"minecraft:play_time":41779,"minecraft:sneak_time":1288,"minecraft:walk_under_water_one_cm":10611,"minecraft:jump":1065,"minecraft:walk_on_water_one_cm":6538,"minecraft:total_world_time":41779,"minecraft:fall_one_cm":22846},"minecraft:used":{"minecraft:water_bucket":3,"minecraft:diorite":3,"minecraft:stone_sword":9,"minecraft:stone_pickaxe":118,"minecraft:shield":6,"minecraft:spruce_planks":37,"minecraft:wooden_pickaxe":5,"minecraft:dirt":5,"minecraft:crafting_table":4,"minecraft:spruce_log":2,"minecraft:lava_bucket":1,"minecraft:iron_pickaxe":104,"minecraft:spruce_sapling":2,"minecraft:stone_axe":45,"minecraft:cobblestone":1,"minecraft:sweet_berries":9,"minecraft:furnace":2,"minecraft:cooked_porkchop":4,"minecraft:bucket":5},"minecraft:crafted":{"minecraft:cooked_porkchop":4,"minecraft:crafting_table":2,"minecraft:spruce_planks":64,"minecraft:wooden_pickaxe":1,"minecraft:iron_helmet":1,"minecraft:furnace":1,"minecraft:bucket":1,"minecraft:stone_axe":1,"minecraft:cooked_mutton":1,"minecraft:air":0,"minecraft:iron_chestplate":1,"minecraft:diamond_pickaxe":1,"minecraft:shield":1,"minecraft:stick":16,"minecraft:iron_ingot":24,"minecraft:iron_pickaxe":1,"minecraft:stone_pickaxe":1,"minecraft:stone_sword":1},"minecraft:mined":{"minecraft:deepslate_redstone_ore":5,"minecraft:tuff":11,"minecraft:spruce_planks":3,"minecraft:brown_mushroom":4,"minecraft:deepslate_diamond_ore":3,"minecraft:crafting_table":2,"minecraft:grass_block":2,"minecraft:poppy":8,"minecraft:copper_ore":8,"minecraft:deepslate_gold_ore":1,"minecraft:spruce_leaves":6,"minecraft:lapis_ore":3,"minecraft:diorite":3,"minecraft:spruce_sapling":2,"minecraft:furnace":1,"minecraft:iron_ore":66,"minecraft:sweet_berry_bush":1,"minecraft:spruce_log":24,"minecraft:birch_leaves":1,"minecraft:deepslate_lapis_ore":5,"minecraft:coal_ore":40,"minecraft:oak_log":6,"minecraft:deepslate_iron_ore":11,"minecraft:dirt":3,"minecraft:stone":40,"minecraft:gold_ore":4,"minecraft:oak_leaves":2,"minecraft:deepslate":24,"minecraft:fern":1},"minecraft:dropped":{"minecraft:light_gray_wool":1,"minecraft:cooked_mutton":1,"minecraft:stick":1,"minecraft:brown_wool":1,"minecraft:wooden_pickaxe":1},"minecraft:killed":{"minecraft:pig":2,"minecraft:sheep":5,"minecraft:skeleton":1,"minecraft:enderman":1,"minecraft:cow":3},"minecraft:picked_up":{"minecraft:crafting_table":2,"minecraft:glow_ink_sac":2,"minecraft:leather":2,"minecraft:brown_wool":1,"minecraft:brown_mushroom":3,"minecraft:tuff":11,"minecraft:oak_log":6,"minecraft:lapis_lazuli":56,"minecraft:dirt":5,"minecraft:raw_copper":34,"minecraft:bone":2,"minecraft:cobbled_deepslate":28,"minecraft:raw_gold":5,"minecraft:spruce_planks":3,"minecraft:beef":5,"minecraft:poppy":8,"minecraft:light_gray_wool":1,"minecraft:furnace":1,"minecraft:stick":4,"minecraft:raw_iron":75,"minecraft:sweet_berries":14,"minecraft:porkchop":6,"minecraft:spruce_sapling":6,"minecraft:pointed_dripstone":1,"minecraft:diorite":4,"minecraft:spruce_log":24,"minecraft:redstone":21,"minecraft:arrow":1,"minecraft:diamond":3,"minecraft:bone_meal":1,"minecraft:mutton":8,"minecraft:coal":78,"minecraft:white_wool":3,"minecraft:cobblestone":45}},"DataVersion":3465}