{"stats":{"minecraft:custom":{"minecraft:time_since_rest":5779,"minecraft:crouch_one_cm":132,"minecraft:play_time":5779,"minecraft:sprint_one_cm":8897,"minecraft:walk_one_cm":11677,"minecraft:sneak_time":34,"minecraft:jump":67,"minecraft:time_since_death":5779,"minecraft:total_world_time":5779,"minecraft:interact_with_crafting_table":3,"minecraft:fall_one_cm":1641,"minecraft:fly_one_cm":9889},"minecraft:used":{"minecraft:crafting_table":2,"minecraft:wooden_pickaxe":5},"minecraft:crafted":{"minecraft:crafting_table":1,"minecraft:spruce_planks":24,"minecraft:stick":16,"minecraft:stone_pickaxe":1,"minecraft:wooden_pickaxe":1},"minecraft:mined":{"minecraft:grass_block":2,"minecraft:dirt":1,"minecraft:stone":5,"minecraft:spruce_leaves":1,"minecraft:spruce_log":6,"minecraft:fern":1,"minecraft:crafting_table":1},"minecraft:picked_up":{"minecraft:stick":1,"minecraft:crafting_table":1,"minecraft:sweet_berries":2,"minecraft:spruce_sapling":3,"minecraft:spruce_log":6,"minecraft:dirt":3,"minecraft:cobblestone":5}},"DataVersion":3465}