{"stats":{"minecraft:custom":{"minecraft:mob_kills":41,"minecraft:interact_with_crafting_table":31,"minecraft:time_since_death":11490,"minecraft:sprint_one_cm":265449,"minecraft:walk_one_cm":260330,"minecraft:damage_blocked_by_shield":2625,"minecraft:drop":19,"minecraft:play_time":101779,"minecraft:deaths":13,"minecraft:sneak_time":3975,"minecraft:walk_under_water_one_cm":14333,"minecraft:jump":2288,"minecraft:walk_on_water_one_cm":25005,"minecraft:total_world_time":101779,"minecraft:interact_with_furnace":45,"minecraft:time_since_rest":11989,"minecraft:damage_taken":5372,"minecraft:damage_dealt":5577,"minecraft:swim_one_cm":13342,"minecraft:fly_one_cm":306843,"minecraft:crouch_one_cm":11614,"minecraft:fall_one_cm":53356},"minecraft:broken":{"minecraft:stone_axe":1},"minecraft:killed_by":{"minecraft:creeper":1,"minecraft:cave_spider":1,"minecraft:skeleton":6,"minecraft:zombie":4},"minecraft:used":{"minecraft:stone_sword":40,"minecraft:spruce_planks":49,"minecraft:shield":40,"minecraft:torch":2,"minecraft:dirt":5,"minecraft:mutton":3,"minecraft:obsidian":2,"minecraft:lava_bucket":1,"minecraft:iron_axe":33,"minecraft:sweet_berries":14,"minecraft:furnace":5,"minecraft:cooked_beef":11,"minecraft:cobbled_deepslate":69,"minecraft:cherry_log":6,"minecraft:cooked_mutton":5,"minecraft:water_bucket":22,"minecraft:diorite":3,"minecraft:amethyst_block":5,"minecraft:stone_pickaxe":118,"minecraft:wooden_pickaxe":5,"minecraft:crafting_table":8,"minecraft:spruce_log":2,"minecraft:diamond_pickaxe":289,"minecraft:iron_pickaxe":130,"minecraft:spruce_sapling":2,"minecraft:stone_axe":96,"minecraft:cobblestone":116,"minecraft:cooked_porkchop":4,"minecraft:bucket":24},"minecraft:mined":{"minecraft:tuff":13,"minecraft:spruce_planks":4,"minecraft:deepslate_diamond_ore":6,"minecraft:cherry_log":26,"minecraft:obsidian":16,"minecraft:granite":4,"minecraft:grass_block":3,"minecraft:spruce_leaves":6,"minecraft:spawner":1,"minecraft:redstone_ore":14,"minecraft:spruce_sapling":2,"minecraft:furnace":3,"minecraft:iron_ore":113,"minecraft:andesite":4,"minecraft:deepslate_lapis_ore":16,"minecraft:deepslate_iron_ore":22,"minecraft:stone":153,"minecraft:deepslate_redstone_ore":12,"minecraft:brown_mushroom":4,"minecraft:crafting_table":5,"minecraft:calcite":2,"minecraft:poppy":9,"minecraft:tall_grass":2,"minecraft:copper_ore":8,"minecraft:cobblestone":2,"minecraft:lapis_ore":3,"minecraft:deepslate_gold_ore":8,"minecraft:diorite":5,"minecraft:amethyst_block":5,"minecraft:sweet_berry_bush":1,"minecraft:spruce_log":25,"minecraft:birch_leaves":1,"minecraft:grass":2,"minecraft:oak_log":6,"minecraft:coal_ore":40,"minecraft:cherry_leaves":13,"minecraft:dirt":6,"minecraft:cobweb":7,"minecraft:smooth_basalt":4,"minecraft:gold_ore":18,"minecraft:oak_leaves":2,"minecraft:deepslate":68,"minecraft:fern":1},"minecraft:crafted":{"minecraft:cherry_planks":8,"minecraft:furnace":3,"minecraft:cooked_mutton":6,"minecraft:iron_boots":1,"minecraft:iron_axe":1,"minecraft:stone_pickaxe":1,"minecraft:cooked_beef":5,"minecraft:cooked_porkchop":4,"minecraft:crafting_table":5,"minecraft:spruce_planks":84,"minecraft:wooden_pickaxe":1,"minecraft:iron_helmet":1,"minecraft:bucket":1,"minecraft:stone_axe":1,"minecraft:air":0,"minecraft:iron_chestplate":1,"minecraft:diamond_pickaxe":1,"minecraft:shield":2,"minecraft:stick":16,"minecraft:iron_ingot":31,"minecraft:iron_pickaxe":1,"minecraft:stone_sword":1,"minecraft:iron_leggings":1},"minecraft:dropped":{"minecraft:stick":7,"minecraft:dirt":1,"minecraft:diorite":3,"minecraft:torch":30,"minecraft:brown_wool":1,"minecraft:string":1,"minecraft:smooth_basalt":4,"minecraft:bone":1,"minecraft:gravel":1,"minecraft:tuff":11,"minecraft:pointed_dripstone":2,"minecraft:light_gray_wool":1,"minecraft:cooked_mutton":1,"minecraft:spruce_log":1,"minecraft:stone_pickaxe":1,"minecraft:wooden_pickaxe":1},"minecraft:killed":{"minecraft:cave_spider":4,"minecraft:slime":1,"minecraft:skeleton":7,"minecraft:pig":5,"minecraft:sheep":6,"minecraft:zombie":5,"minecraft:enderman":2,"minecraft:cow":11},"minecraft:picked_up":{"minecraft:crafting_table":6,"minecraft:iron_chestplate":3,"minecraft:brown_mushroom":21,"minecraft:shield":6,"minecraft:amethyst_block":5,"minecraft:string":18,"minecraft:raw_copper":272,"minecraft:iron_leggings":1,"minecraft:cobbled_deepslate":179,"minecraft:bucket":1,"minecraft:spruce_planks":24,"minecraft:beef":22,"minecraft:calcite":2,"minecraft:poppy":8,"minecraft:light_gray_wool":1,"minecraft:furnace":3,"minecraft:iron_boots":1,"minecraft:raw_iron":841,"minecraft:stick":68,"minecraft:torch":32,"minecraft:porkchop":20,"minecraft:cherry_log":28,"minecraft:pointed_dripstone":2,"minecraft:diorite":8,"minecraft:redstone":715,"minecraft:stone_sword":6,"minecraft:arrow":29,"minecraft:rotten_flesh":45,"minecraft:mutton":22,"minecraft:obsidian":93,"minecraft:white_wool":28,"minecraft:cobblestone":229,"minecraft:cooked_beef":4,"minecraft:glow_ink_sac":16,"minecraft:water_bucket":7,"minecraft:andesite":4,"minecraft:brown_wool":1,"minecraft:leather":29,"minecraft:tuff":15,"minecraft:oak_log":24,"minecraft:lapis_lazuli":1056,"minecraft:dirt":6,"minecraft:cooked_mutton":2,"minecraft:bone":81,"minecraft:raw_gold":225,"minecraft:stone_pickaxe":5,"minecraft:iron_ingot":43,"minecraft:smooth_basalt":4,"minecraft:sweet_berries":54,"minecraft:gravel":1,"minecraft:spruce_sapling":34,"minecraft:spruce_log":53,"minecraft:spider_eye":7,"minecraft:slime_ball":21,"minecraft:diamond":11,"minecraft:stone_axe":7,"minecraft:cherry_sapling":2,"minecraft:granite":3,"minecraft:bone_meal":9,"minecraft:coal":78,"minecraft:diamond_pickaxe":7}},"DataVersion":3465}