{"stats":{"minecraft:custom":{"minecraft:interact_with_furnace":24,"minecraft:mob_kills":11,"minecraft:interact_with_crafting_table":12,"minecraft:time_since_death":29779,"minecraft:time_since_rest":29779,"minecraft:sprint_one_cm":80673,"minecraft:damage_taken":325,"minecraft:walk_one_cm":84833,"minecraft:drop":1,"minecraft:damage_dealt":1110,"minecraft:swim_one_cm":4653,"minecraft:fly_one_cm":94865,"minecraft:crouch_one_cm":3547,"minecraft:play_time":29779,"minecraft:sneak_time":796,"minecraft:walk_under_water_one_cm":2024,"minecraft:jump":730,"minecraft:walk_on_water_one_cm":2547,"minecraft:total_world_time":29779,"minecraft:fall_one_cm":15975},"minecraft:used":{"minecraft:stone_sword":5,"minecraft:stone_pickaxe":118,"minecraft:spruce_planks":33,"minecraft:wooden_pickaxe":5,"minecraft:dirt":5,"minecraft:crafting_table":3,"minecraft:spruce_log":2,"minecraft:iron_pickaxe":22,"minecraft:spruce_sapling":2,"minecraft:stone_axe":40,"minecraft:cobblestone":1,"minecraft:sweet_berries":9,"minecraft:furnace":2,"minecraft:cooked_porkchop":4},"minecraft:crafted":{"minecraft:cooked_porkchop":4,"minecraft:crafting_table":2,"minecraft:spruce_planks":64,"minecraft:wooden_pickaxe":1,"minecraft:iron_helmet":1,"minecraft:furnace":1,"minecraft:bucket":1,"minecraft:stone_axe":1,"minecraft:air":0,"minecraft:iron_chestplate":1,"minecraft:shield":1,"minecraft:stick":16,"minecraft:iron_ingot":22,"minecraft:iron_pickaxe":1,"minecraft:stone_pickaxe":1,"minecraft:stone_sword":1},"minecraft:mined":{"minecraft:brown_mushroom":4,"minecraft:crafting_table":2,"minecraft:grass_block":2,"minecraft:poppy":8,"minecraft:copper_ore":8,"minecraft:spruce_leaves":6,"minecraft:lapis_ore":3,"minecraft:diorite":2,"minecraft:spruce_sapling":2,"minecraft:furnace":1,"minecraft:iron_ore":40,"minecraft:sweet_berry_bush":1,"minecraft:spruce_log":24,"minecraft:birch_leaves":1,"minecraft:coal_ore":40,"minecraft:oak_log":6,"minecraft:deepslate_iron_ore":11,"minecraft:dirt":3,"minecraft:stone":35,"minecraft:oak_leaves":2,"minecraft:deepslate":3,"minecraft:fern":1},"minecraft:dropped":{"minecraft:stick":1},"minecraft:killed":{"minecraft:pig":2,"minecraft:sheep":5,"minecraft:skeleton":1,"minecraft:cow":3},"minecraft:picked_up":{"minecraft:crafting_table":2,"minecraft:leather":2,"minecraft:brown_wool":1,"minecraft:brown_mushroom":3,"minecraft:oak_log":6,"minecraft:lapis_lazuli":26,"minecraft:dirt":5,"minecraft:raw_copper":34,"minecraft:bone":2,"minecraft:cobbled_deepslate":3,"minecraft:beef":5,"minecraft:poppy":8,"minecraft:light_gray_wool":1,"minecraft:furnace":1,"minecraft:stick":4,"minecraft:raw_iron":50,"minecraft:sweet_berries":14,"minecraft:porkchop":6,"minecraft:spruce_sapling":6,"minecraft:diorite":2,"minecraft:spruce_log":24,"minecraft:arrow":1,"minecraft:bone_meal":1,"minecraft:mutton":8,"minecraft:coal":77,"minecraft:white_wool":3,"minecraft:cobblestone":35}},"DataVersion":3465}