{"stats":{"minecraft:picked_up":{"minecraft:book":60,"minecraft:crafting_table":1,"vinery:taiga_grapes_white":1,"ecologics:coconut_slice":24,"minecraft:black_bed":1,"minecraft:spruce_log":7,"twigs:pebble":1,"minecraft:bricks":1,"ecologics:crab_claw":1,"minecraft:bone_block":144,"minecraft:cobblestone":6,"minecraft:furnace":2},"minecraft:mined":{"twigs:pebble":1,"minecraft:furnace":2,"minecraft:spruce_log":7,"minecraft:black_bed":1,"minecraft:crafting_table":1,"minecraft:grass":1,"minecraft:bookshelf":20,"minecraft:stone":6,"minecraft:bone_block":144,"minecraft:bricks":1},"minecraft:killed":{"ecologics:coconut_crab":3,"alexsmobs:seagull":1},"minecraft:dropped":{"ecologics:coconut_slice":1},"minecraft:killed_by":{"minecraft:iron_golem":1,"ecologics:coconut_crab":2,"minecraft:phantom":1},"minecraft:used":{"minecraft:bricks":1,"minecraft:stone_pickaxe":131,"minecraft:iron_sword":16,"minecraft:wooden_pickaxe":22,"ecologics:coconut_slice":7,"minecraft:stone_axe":21,"minecraft:crafting_table":1,"twigs:pebble":1},"minecraft:broken":{"minecraft:stone_pickaxe":1},"minecraft:custom":{"minecraft:time_since_rest":2753,"enigmaticlegacy:play_time_with_seven_curses":21529,"minecraft:interact_with_furnace":1,"lootr:looted_stat":5,"minecraft:sprint_one_cm":44907,"minecraft:damage_taken":1722,"minecraft:walk_one_cm":69460,"minecraft:mob_kills":4,"minecraft:drop":1,"minecraft:damage_dealt":473,"enigmaticlegacy:play_time_without_seven_curses":6738,"minecraft:interact_with_crafting_table":6,"minecraft:fly_one_cm":53095,"minecraft:crouch_one_cm":7305,"minecraft:play_time":28966,"minecraft:deaths":5,"minecraft:sneak_time":940,"minecraft:walk_under_water_one_cm":920,"minecraft:jump":120,"minecraft:walk_on_water_one_cm":2716,"minecraft:time_since_death":5908,"minecraft:sleep_in_bed":1,"minecraft:total_world_time":28966,"minecraft:climb_one_cm":4950,"minecraft:fall_one_cm":4786},"minecraft:crafted":{"minecraft:crafting_table":1,"minecraft:stick":12,"minecraft:spruce_planks":28,"minecraft:wooden_pickaxe":1,"minecraft:stone_pickaxe":1,"minecraft:stone_axe":1}},"DataVersion":3120}