{"stats":{"minecraft:custom":{"minecraft:time_since_rest":17779,"minecraft:interact_with_furnace":7,"minecraft:sprint_one_cm":53288,"minecraft:damage_taken":210,"minecraft:walk_one_cm":51395,"minecraft:mob_kills":7,"minecraft:drop":1,"minecraft:damage_dealt":790,"minecraft:interact_with_crafting_table":6,"minecraft:fly_one_cm":63469,"minecraft:crouch_one_cm":526,"minecraft:play_time":17779,"minecraft:sneak_time":169,"minecraft:jump":444,"minecraft:time_since_death":17779,"minecraft:total_world_time":17779,"minecraft:fall_one_cm":7867},"minecraft:used":{"minecraft:stone_sword":5,"minecraft:stone_pickaxe":76,"minecraft:spruce_planks":3,"minecraft:wooden_pickaxe":5,"minecraft:spruce_sapling":2,"minecraft:stone_axe":29,"minecraft:dirt":5,"minecraft:cobblestone":1,"minecraft:sweet_berries":9,"minecraft:crafting_table":3,"minecraft:furnace":1,"minecraft:cooked_porkchop":2,"minecraft:spruce_log":2},"minecraft:crafted":{"minecraft:cooked_porkchop":4,"minecraft:crafting_table":2,"minecraft:spruce_planks":64,"minecraft:stick":16,"minecraft:wooden_pickaxe":1,"minecraft:stone_pickaxe":1,"minecraft:stone_sword":1,"minecraft:furnace":1,"minecraft:stone_axe":1,"minecraft:air":0},"minecraft:mined":{"minecraft:brown_mushroom":4,"minecraft:spruce_sapling":2,"minecraft:furnace":1,"minecraft:sweet_berry_bush":1,"minecraft:spruce_log":24,"minecraft:crafting_table":2,"minecraft:grass_block":2,"minecraft:coal_ore":37,"minecraft:poppy":8,"minecraft:dirt":3,"minecraft:copper_ore":8,"minecraft:spruce_leaves":6,"minecraft:stone":33,"minecraft:oak_leaves":1,"minecraft:fern":1},"minecraft:dropped":{"minecraft:stick":1},"minecraft:killed":{"minecraft:skeleton":1,"minecraft:sheep":1,"minecraft:pig":2,"minecraft:cow":3},"minecraft:picked_up":{"minecraft:stick":4,"minecraft:crafting_table":2,"minecraft:sweet_berries":14,"minecraft:leather":2,"minecraft:brown_mushroom":3,"minecraft:porkchop":6,"minecraft:spruce_sapling":6,"minecraft:spruce_log":24,"minecraft:dirt":5,"minecraft:raw_copper":34,"minecraft:bone":2,"minecraft:arrow":1,"minecraft:beef":5,"minecraft:poppy":8,"minecraft:coal":73,"minecraft:mutton":2,"minecraft:white_wool":1,"minecraft:cobblestone":33,"minecraft:furnace":1}},"DataVersion":3465}