{"stats":{"minecraft:custom":{"minecraft:interact_with_furnace":15,"minecraft:mob_kills":9,"minecraft:interact_with_crafting_table":18,"minecraft:leave_game":1,"minecraft:time_since_death":1129,"minecraft:time_since_rest":1167,"minecraft:sprint_one_cm":78670,"minecraft:damage_taken":1420,"minecraft:walk_one_cm":113086,"minecraft:damage_blocked_by_shield":2250,"minecraft:drop":8,"minecraft:damage_dealt":884,"minecraft:swim_one_cm":20259,"minecraft:fly_one_cm":41420,"minecraft:crouch_one_cm":342,"minecraft:play_time":49388,"minecraft:deaths":4,"minecraft:sneak_time":249,"minecraft:walk_under_water_one_cm":28793,"minecraft:jump":631,"minecraft:walk_on_water_one_cm":13642,"minecraft:total_world_time":49388,"minecraft:fall_one_cm":18671},"minecraft:killed_by":{"minecraft:skeleton":2,"minecraft:zombie":1},"minecraft:broken":{"minecraft:shield":1},"minecraft:used":{"minecraft:stone_pickaxe":44,"minecraft:wooden_pickaxe":23,"minecraft:spruce_planks":2,"minecraft:shield":57,"minecraft:cooked_salmon":4,"minecraft:cooked_chicken":1,"minecraft:torch":15,"minecraft:dirt":25,"minecraft:crafting_table":2,"minecraft:dripstone_block":5,"minecraft:iron_axe":6,"minecraft:iron_helmet":1,"minecraft:stone_axe":24,"minecraft:bow":1,"minecraft:sweet_berries":14},"minecraft:crafted":{"minecraft:crafting_table":1,"minecraft:spruce_planks":48,"minecraft:iron_helmet":1,"minecraft:wooden_pickaxe":2,"minecraft:cooked_chicken":1,"minecraft:stone_axe":2,"minecraft:air":0,"minecraft:shield":1,"minecraft:iron_axe":1,"minecraft:stick":24,"minecraft:iron_ingot":9,"minecraft:stone_pickaxe":2,"minecraft:stone_sword":1,"minecraft:torch":20},"minecraft:mined":{"minecraft:spruce_planks":2,"minecraft:torch":1,"minecraft:crafting_table":1,"minecraft:grass_block":3,"minecraft:spruce_leaves":5,"minecraft:wall_torch":4,"minecraft:furnace":2,"minecraft:iron_ore":2,"minecraft:spruce_log":27,"minecraft:deepslate_iron_ore":1,"minecraft:gravel":1,"minecraft:dirt":4,"minecraft:stone":40,"minecraft:deepslate":1},"minecraft:dropped":{"minecraft:dripstone_block":5,"minecraft:pointed_dripstone":2,"minecraft:diorite":1,"minecraft:spruce_planks":3,"minecraft:white_wool":1,"minecraft:spruce_sapling":3},"minecraft:killed":{"minecraft:salmon":4,"minecraft:skeleton":1,"minecraft:sheep":2,"minecraft:zombie":1,"minecraft:chicken":1},"minecraft:picked_up":{"minecraft:wooden_axe":1,"minecraft:crafting_table":1,"minecraft:feather":1,"minecraft:chicken":2,"minecraft:salmon":8,"minecraft:wooden_pickaxe":2,"minecraft:tuff":11,"minecraft:shield":1,"minecraft:string":1,"minecraft:dirt":36,"minecraft:cooked_salmon":7,"minecraft:cooked_mutton":2,"minecraft:bone":2,"minecraft:bow":1,"minecraft:cobbled_deepslate":2,"minecraft:spruce_planks":32,"minecraft:iron_ingot":2,"minecraft:stone_pickaxe":2,"minecraft:furnace":4,"minecraft:stick":2,"minecraft:raw_iron":2,"minecraft:sweet_berries":79,"minecraft:torch":5,"minecraft:dripstone_block":10,"minecraft:gravel":2,"minecraft:spruce_sapling":7,"minecraft:pointed_dripstone":4,"minecraft:diorite":4,"minecraft:spruce_log":25,"minecraft:stone_sword":1,"minecraft:arrow":2,"minecraft:rotten_flesh":5,"minecraft:stone_axe":1,"minecraft:mutton":3,"minecraft:coal":70,"minecraft:white_wool":5,"minecraft:cobblestone":40}},"DataVersion":3465}