{"stats":{"minecraft:custom":{"minecraft:interact_with_furnace":22,"minecraft:mob_kills":30,"minecraft:interact_with_crafting_table":21,"minecraft:leave_game":2,"minecraft:time_since_death":315,"minecraft:sleep_in_bed":1,"minecraft:time_since_rest":374,"minecraft:sprint_one_cm":128134,"minecraft:damage_taken":2470,"minecraft:walk_one_cm":160748,"minecraft:damage_blocked_by_shield":2250,"minecraft:drop":34,"minecraft:damage_dealt":2122,"minecraft:swim_one_cm":49186,"minecraft:fly_one_cm":76640,"minecraft:crouch_one_cm":401,"minecraft:play_time":65720,"minecraft:deaths":8,"minecraft:sneak_time":373,"minecraft:walk_under_water_one_cm":43781,"minecraft:jump":898,"minecraft:walk_on_water_one_cm":22862,"minecraft:total_world_time":65720,"minecraft:fall_one_cm":25109},"minecraft:killed_by":{"minecraft:cave_spider":1,"minecraft:skeleton":4,"minecraft:zombie":1},"minecraft:broken":{"minecraft:shield":1,"minecraft:wooden_axe":1},"minecraft:used":{"minecraft:stone_pickaxe":44,"minecraft:wooden_pickaxe":23,"minecraft:spruce_planks":2,"minecraft:shield":57,"minecraft:cooked_salmon":4,"minecraft:cooked_chicken":1,"minecraft:salmon":3,"minecraft:torch":15,"minecraft:dirt":25,"minecraft:crafting_table":4,"minecraft:white_bed":1,"minecraft:dripstone_block":5,"minecraft:wooden_axe":30,"minecraft:iron_axe":6,"minecraft:iron_helmet":1,"minecraft:stone_axe":24,"minecraft:bow":1,"minecraft:sweet_berries":14},"minecraft:crafted":{"minecraft:crafting_table":2,"minecraft:spruce_planks":80,"minecraft:iron_helmet":1,"minecraft:wooden_pickaxe":2,"minecraft:cooked_chicken":1,"minecraft:cooked_salmon":4,"minecraft:stone_axe":2,"minecraft:air":0,"minecraft:shield":1,"minecraft:iron_axe":1,"minecraft:stick":28,"minecraft:iron_ingot":9,"minecraft:stone_pickaxe":2,"minecraft:wooden_axe":1,"minecraft:stone_sword":1,"minecraft:white_bed":1,"minecraft:torch":20},"minecraft:mined":{"minecraft:spruce_planks":2,"minecraft:crafting_table":2,"minecraft:torch":1,"minecraft:grass_block":3,"minecraft:spruce_leaves":13,"minecraft:wall_torch":4,"minecraft:large_fern":19,"minecraft:furnace":2,"minecraft:iron_ore":2,"minecraft:spruce_log":35,"minecraft:grass":1,"minecraft:deepslate_iron_ore":1,"minecraft:gravel":1,"minecraft:dirt":4,"minecraft:stone":40,"minecraft:deepslate":1,"minecraft:fern":1},"minecraft:dropped":{"minecraft:wheat_seeds":2,"minecraft:cobbled_deepslate":2,"minecraft:tuff":1,"minecraft:dripstone_block":5,"minecraft:pointed_dripstone":2,"minecraft:chicken":1,"minecraft:feather":2,"minecraft:light_gray_wool":2,"minecraft:dirt":2,"minecraft:diorite":1,"minecraft:spruce_planks":67,"minecraft:mutton":6,"minecraft:wooden_axe":1,"minecraft:cooked_salmon":8,"minecraft:bone_meal":2,"minecraft:white_wool":1,"minecraft:spruce_sapling":3},"minecraft:killed":{"minecraft:salmon":16,"minecraft:spider":1,"minecraft:skeleton":2,"minecraft:sheep":6,"minecraft:zombie":2,"minecraft:chicken":2},"minecraft:picked_up":{"minecraft:wooden_axe":3,"minecraft:crafting_table":3,"minecraft:feather":5,"minecraft:chicken":4,"minecraft:salmon":24,"minecraft:wooden_pickaxe":2,"minecraft:tuff":13,"minecraft:shield":1,"minecraft:dirt":39,"minecraft:string":3,"minecraft:cooked_salmon":15,"minecraft:cooked_mutton":2,"minecraft:bone":3,"minecraft:bow":1,"minecraft:wheat_seeds":4,"minecraft:cobbled_deepslate":5,"minecraft:spruce_planks":131,"minecraft:iron_ingot":2,"minecraft:stone_pickaxe":2,"minecraft:light_gray_wool":4,"minecraft:furnace":4,"minecraft:stick":2,"minecraft:raw_iron":2,"minecraft:sweet_berries":79,"minecraft:torch":5,"minecraft:dripstone_block":10,"minecraft:gravel":2,"minecraft:spruce_sapling":7,"minecraft:pointed_dripstone":4,"minecraft:diorite":4,"minecraft:spruce_log":33,"minecraft:stone_sword":1,"minecraft:arrow":2,"minecraft:rotten_flesh":15,"minecraft:stone_axe":1,"minecraft:bone_meal":6,"minecraft:mutton":15,"minecraft:coal":70,"minecraft:white_wool":11,"minecraft:cobblestone":40}},"DataVersion":3465}