{"stats":{"minecraft:custom":{"minecraft:time_since_rest":2838,"minecraft:crouch_one_cm":9,"minecraft:play_time":12234,"minecraft:sprint_one_cm":18883,"minecraft:deaths":1,"minecraft:damage_taken":300,"minecraft:walk_one_cm":28142,"minecraft:sneak_time":49,"minecraft:mob_kills":1,"minecraft:drop":1,"minecraft:jump":117,"minecraft:damage_dealt":100,"minecraft:time_since_death":2637,"minecraft:total_world_time":12234,"minecraft:interact_with_crafting_table":5,"minecraft:fall_one_cm":2299,"minecraft:fly_one_cm":6150},"minecraft:killed_by":{"minecraft:skeleton":1},"minecraft:used":{"minecraft:stone_axe":18,"minecraft:crafting_table":1,"minecraft:sweet_berries":10,"minecraft:spruce_planks":2,"minecraft:wooden_pickaxe":6},"minecraft:crafted":{"minecraft:crafting_table":1,"minecraft:stone_axe":1,"minecraft:spruce_planks":48,"minecraft:stick":12,"minecraft:wooden_pickaxe":2,"minecraft:stone_pickaxe":1},"minecraft:mined":{"minecraft:spruce_planks":2,"minecraft:spruce_leaves":3,"minecraft:spruce_log":27,"minecraft:stone":6},"minecraft:dropped":{"minecraft:spruce_sapling":1},"minecraft:killed":{"minecraft:sheep":1},"minecraft:picked_up":{"minecraft:sweet_berries":21,"minecraft:spruce_planks":2,"minecraft:spruce_sapling":1,"minecraft:spruce_log":25,"minecraft:mutton":2,"minecraft:white_wool":1,"minecraft:cobblestone":6}},"DataVersion":3465}