{"stats":{"minecraft:custom":{"minecraft:time_since_rest":7489,"minecraft:interact_with_furnace":10,"minecraft:sprint_one_cm":51277,"minecraft:damage_taken":770,"minecraft:walk_one_cm":73736,"minecraft:damage_blocked_by_shield":120,"minecraft:mob_kills":7,"minecraft:drop":8,"minecraft:damage_dealt":339,"minecraft:swim_one_cm":11479,"minecraft:interact_with_crafting_table":11,"minecraft:fly_one_cm":20937,"minecraft:crouch_one_cm":336,"minecraft:play_time":36234,"minecraft:deaths":2,"minecraft:sneak_time":215,"minecraft:walk_under_water_one_cm":21601,"minecraft:jump":399,"minecraft:walk_on_water_one_cm":11117,"minecraft:time_since_death":7449,"minecraft:total_world_time":36234,"minecraft:fall_one_cm":9795},"minecraft:killed_by":{"minecraft:skeleton":1,"minecraft:zombie":1},"minecraft:used":{"minecraft:stone_pickaxe":32,"minecraft:shield":2,"minecraft:spruce_planks":2,"minecraft:wooden_pickaxe":23,"minecraft:cooked_salmon":1,"minecraft:cooked_chicken":1,"minecraft:stone_axe":24,"minecraft:dirt":23,"minecraft:sweet_berries":14,"minecraft:crafting_table":2,"minecraft:dripstone_block":5},"minecraft:crafted":{"minecraft:shield":1,"minecraft:crafting_table":1,"minecraft:spruce_planks":48,"minecraft:stick":16,"minecraft:cooked_chicken":1,"minecraft:iron_ingot":3,"minecraft:wooden_pickaxe":2,"minecraft:stone_pickaxe":2,"minecraft:stone_sword":1,"minecraft:stone_axe":2,"minecraft:air":0},"minecraft:mined":{"minecraft:spruce_planks":2,"minecraft:furnace":2,"minecraft:spruce_log":27,"minecraft:crafting_table":1,"minecraft:grass_block":3,"minecraft:gravel":1,"minecraft:dirt":4,"minecraft:spruce_leaves":5,"minecraft:stone":40},"minecraft:dropped":{"minecraft:diorite":1,"minecraft:spruce_planks":3,"minecraft:dripstone_block":5,"minecraft:pointed_dripstone":2,"minecraft:white_wool":1,"minecraft:spruce_sapling":3},"minecraft:killed":{"minecraft:sheep":2,"minecraft:chicken":1,"minecraft:salmon":4},"minecraft:picked_up":{"minecraft:wooden_axe":1,"minecraft:stick":1,"minecraft:crafting_table":1,"minecraft:feather":1,"minecraft:chicken":2,"minecraft:sweet_berries":77,"minecraft:salmon":8,"minecraft:wooden_pickaxe":1,"minecraft:dripstone_block":10,"minecraft:gravel":2,"minecraft:pointed_dripstone":4,"minecraft:spruce_sapling":7,"minecraft:diorite":2,"minecraft:spruce_log":25,"minecraft:dirt":34,"minecraft:cooked_salmon":4,"minecraft:cooked_mutton":1,"minecraft:stone_sword":1,"minecraft:rotten_flesh":2,"minecraft:stone_axe":1,"minecraft:cobbled_deepslate":1,"minecraft:spruce_planks":14,"minecraft:stone_pickaxe":1,"minecraft:mutton":3,"minecraft:coal":35,"minecraft:white_wool":4,"minecraft:cobblestone":40,"minecraft:furnace":2}},"DataVersion":3465}