{"stats":{"minecraft:custom":{"minecraft:time_since_rest":14838,"minecraft:sprint_one_cm":47572,"minecraft:damage_taken":400,"minecraft:walk_one_cm":57610,"minecraft:mob_kills":3,"minecraft:drop":1,"minecraft:damage_dealt":220,"minecraft:swim_one_cm":2947,"minecraft:interact_with_crafting_table":8,"minecraft:fly_one_cm":17391,"minecraft:crouch_one_cm":39,"minecraft:play_time":24234,"minecraft:deaths":1,"minecraft:sneak_time":64,"minecraft:walk_under_water_one_cm":569,"minecraft:jump":270,"minecraft:walk_on_water_one_cm":1100,"minecraft:time_since_death":14637,"minecraft:total_world_time":24234,"minecraft:fall_one_cm":6559},"minecraft:killed_by":{"minecraft:skeleton":1},"minecraft:used":{"minecraft:stone_pickaxe":28,"minecraft:spruce_planks":2,"minecraft:wooden_pickaxe":23,"minecraft:stone_axe":18,"minecraft:dirt":13,"minecraft:sweet_berries":10,"minecraft:crafting_table":2},"minecraft:crafted":{"minecraft:crafting_table":1,"minecraft:spruce_planks":48,"minecraft:stick":16,"minecraft:wooden_pickaxe":2,"minecraft:stone_pickaxe":2,"minecraft:stone_sword":1,"minecraft:stone_axe":2},"minecraft:mined":{"minecraft:spruce_planks":2,"minecraft:spruce_log":27,"minecraft:crafting_table":1,"minecraft:grass_block":3,"minecraft:gravel":1,"minecraft:dirt":2,"minecraft:spruce_leaves":5,"minecraft:stone":40},"minecraft:dropped":{"minecraft:spruce_sapling":1},"minecraft:killed":{"minecraft:sheep":2,"minecraft:chicken":1},"minecraft:picked_up":{"minecraft:crafting_table":1,"minecraft:feather":1,"minecraft:chicken":1,"minecraft:sweet_berries":51,"minecraft:gravel":1,"minecraft:spruce_sapling":3,"minecraft:spruce_log":25,"minecraft:dirt":23,"minecraft:spruce_planks":2,"minecraft:mutton":3,"minecraft:white_wool":2,"minecraft:cobblestone":40}},"DataVersion":3465}