{"stats":{"minecraft:custom":{"minecraft:time_since_rest":5274,"minecraft:sprint_one_cm":45940,"minecraft:interact_with_furnace":5,"minecraft:damage_taken":1760,"minecraft:walk_one_cm":54479,"minecraft:mob_kills":7,"minecraft:drop":7,"minecraft:damage_dealt":1168,"minecraft:swim_one_cm":850,"minecraft:interact_with_crafting_table":3,"minecraft:fly_one_cm":88323,"minecraft:crouch_one_cm":184,"minecraft:play_time":22808,"minecraft:deaths":6,"minecraft:sneak_time":34,"minecraft:walk_under_water_one_cm":8141,"minecraft:jump":466,"minecraft:leave_game":1,"minecraft:time_since_death":5131,"minecraft:walk_on_water_one_cm":2125,"minecraft:total_world_time":22808,"minecraft:fall_one_cm":17067},"minecraft:killed_by":{"minecraft:player":3,"minecraft:skeleton":3},"minecraft:used":{"minecraft:iron_axe":13,"minecraft:stone_pickaxe":3,"minecraft:iron_pickaxe":20,"minecraft:rotten_flesh":4,"minecraft:crafting_table":1,"minecraft:cobbled_deepslate":2},"minecraft:crafted":{"minecraft:iron_chestplate":1,"minecraft:iron_axe":1,"minecraft:crafting_table":1,"minecraft:spruce_planks":12,"minecraft:stick":8,"minecraft:iron_pickaxe":1},"minecraft:mined":{"minecraft:deepslate_redstone_ore":4,"minecraft:large_fern":2,"minecraft:tall_seagrass":2,"minecraft:spruce_log":3,"minecraft:crafting_table":1,"minecraft:glow_lichen":1,"minecraft:deepslate_iron_ore":3,"minecraft:deepslate":3,"minecraft:amethyst_block":3},"minecraft:dropped":{"minecraft:mutton":6,"minecraft:chicken":1},"minecraft:killed":{"minecraft:skeleton":1,"minecraft:zombie":6},"minecraft:picked_up":{"minecraft:raw_iron":3,"minecraft:iron_chestplate":1,"minecraft:stick":4,"minecraft:crafting_table":2,"minecraft:chicken":1,"minecraft:spruce_log":3,"minecraft:redstone":17,"minecraft:amethyst_block":6,"minecraft:string":4,"minecraft:dirt":1,"minecraft:iron_axe":1,"minecraft:arrow":6,"minecraft:bone":4,"minecraft:rotten_flesh":4,"minecraft:bow":2,"minecraft:cobbled_deepslate":2,"minecraft:spruce_planks":8,"minecraft:iron_ingot":16,"minecraft:stone_pickaxe":2,"minecraft:iron_pickaxe":1,"minecraft:mutton":6,"minecraft:cobblestone":1}},"DataVersion":3465}