{"stats":{"minecraft:custom":{"minecraft:time_since_rest":7424,"minecraft:sprint_one_cm":81768,"minecraft:interact_with_furnace":31,"minecraft:damage_taken":2505,"minecraft:walk_one_cm":97170,"minecraft:mob_kills":13,"minecraft:drop":7,"minecraft:damage_dealt":2359,"minecraft:swim_one_cm":850,"minecraft:interact_with_crafting_table":5,"minecraft:fly_one_cm":156757,"minecraft:crouch_one_cm":541,"minecraft:play_time":34808,"minecraft:deaths":8,"minecraft:sneak_time":143,"minecraft:walk_under_water_one_cm":8141,"minecraft:jump":768,"minecraft:leave_game":1,"minecraft:time_since_death":7395,"minecraft:walk_on_water_one_cm":2235,"minecraft:total_world_time":34808,"minecraft:fall_one_cm":27215},"minecraft:killed_by":{"minecraft:player":4,"minecraft:skeleton":4},"minecraft:used":{"minecraft:iron_axe":64,"minecraft:stone_pickaxe":3,"minecraft:iron_pickaxe":36,"minecraft:rotten_flesh":11,"minecraft:crafting_table":2,"minecraft:cobbled_deepslate":5},"minecraft:crafted":{"minecraft:iron_boots":1,"minecraft:iron_chestplate":1,"minecraft:iron_axe":1,"minecraft:crafting_table":1,"minecraft:iron_helmet":1,"minecraft:spruce_planks":12,"minecraft:stick":8,"minecraft:iron_ingot":10,"minecraft:iron_pickaxe":1,"minecraft:iron_leggings":1,"minecraft:air":0},"minecraft:mined":{"minecraft:deepslate_redstone_ore":4,"minecraft:large_fern":2,"minecraft:tall_seagrass":2,"minecraft:tuff":1,"minecraft:spruce_log":3,"minecraft:crafting_table":2,"minecraft:glow_lichen":1,"minecraft:oak_log":3,"minecraft:deepslate_iron_ore":15,"minecraft:oak_planks":28,"minecraft:deepslate":6,"minecraft:amethyst_block":3},"minecraft:dropped":{"minecraft:mutton":6,"minecraft:chicken":1},"minecraft:killed":{"minecraft:skeleton":2,"minecraft:zombie":9,"minecraft:spider":1,"minecraft:creeper":1},"minecraft:picked_up":{"minecraft:raw_iron":33,"minecraft:iron_chestplate":3,"minecraft:stick":12,"minecraft:crafting_table":5,"minecraft:chicken":1,"minecraft:oak_log":6,"minecraft:tuff":2,"minecraft:gunpowder":1,"minecraft:spruce_log":3,"minecraft:redstone":51,"minecraft:amethyst_block":12,"minecraft:string":10,"minecraft:dirt":1,"minecraft:iron_axe":3,"minecraft:arrow":21,"minecraft:bone":11,"minecraft:rotten_flesh":12,"minecraft:diamond":2,"minecraft:bow":4,"minecraft:cobbled_deepslate":8,"minecraft:spruce_planks":8,"minecraft:iron_ingot":31,"minecraft:stone_pickaxe":4,"minecraft:bone_meal":3,"minecraft:iron_pickaxe":3,"minecraft:mutton":6,"minecraft:oak_planks":54,"minecraft:cobblestone":1}},"DataVersion":3465}