{"stats":{"minecraft:custom":{"minecraft:time_since_rest":3115,"minecraft:crouch_one_cm":156,"minecraft:sprint_one_cm":16402,"minecraft:play_time":10808,"minecraft:walk_one_cm":17801,"minecraft:damage_taken":865,"minecraft:deaths":3,"minecraft:sneak_time":27,"minecraft:walk_under_water_one_cm":8141,"minecraft:drop":7,"minecraft:jump":159,"minecraft:damage_dealt":126,"minecraft:leave_game":1,"minecraft:walk_on_water_one_cm":2074,"minecraft:time_since_death":3082,"minecraft:total_world_time":10808,"minecraft:swim_one_cm":850,"minecraft:interact_with_crafting_table":2,"minecraft:fall_one_cm":4460,"minecraft:fly_one_cm":32457},"minecraft:killed_by":{"minecraft:skeleton":2,"minecraft:player":1},"minecraft:used":{"minecraft:iron_pickaxe":3},"minecraft:crafted":{"minecraft:iron_chestplate":1,"minecraft:spruce_planks":12,"minecraft:stick":8,"minecraft:iron_pickaxe":1},"minecraft:mined":{"minecraft:large_fern":2,"minecraft:tall_seagrass":2,"minecraft:spruce_log":3,"minecraft:deepslate":3},"minecraft:dropped":{"minecraft:chicken":1,"minecraft:mutton":6},"minecraft:picked_up":{"minecraft:chicken":1,"minecraft:bone":2,"minecraft:arrow":1,"minecraft:cobbled_deepslate":2,"minecraft:spruce_planks":8,"minecraft:iron_ingot":15,"minecraft:stone_pickaxe":1,"minecraft:spruce_log":3,"minecraft:mutton":6,"minecraft:dirt":1,"minecraft:cobblestone":1}},"DataVersion":3465}