{"stats":{"minecraft:custom":{"minecraft:interact_with_furnace":42,"minecraft:mob_kills":17,"minecraft:interact_with_crafting_table":6,"minecraft:leave_game":1,"minecraft:time_since_death":13244,"minecraft:time_since_rest":13277,"minecraft:sprint_one_cm":133984,"minecraft:damage_taken":2671,"minecraft:walk_one_cm":157948,"minecraft:drop":12,"minecraft:damage_dealt":2716,"minecraft:swim_one_cm":7022,"minecraft:fly_one_cm":228898,"minecraft:open_chest":5,"minecraft:crouch_one_cm":1752,"minecraft:play_time":50109,"minecraft:deaths":9,"minecraft:sneak_time":410,"minecraft:walk_under_water_one_cm":9824,"minecraft:jump":1095,"minecraft:walk_on_water_one_cm":6003,"minecraft:total_world_time":50109,"minecraft:fall_one_cm":36259},"minecraft:killed_by":{"minecraft:player":4,"minecraft:skeleton":4},"minecraft:used":{"minecraft:amethyst_block":3,"minecraft:stone_pickaxe":3,"minecraft:oak_planks":22,"minecraft:rotten_flesh":13,"minecraft:crafting_table":2,"minecraft:tuff":1,"minecraft:chicken":1,"minecraft:iron_axe":75,"minecraft:iron_pickaxe":36,"minecraft:beef":1,"minecraft:cobbled_deepslate":5},"minecraft:crafted":{"minecraft:oak_planks":24,"minecraft:crafting_table":1,"minecraft:spruce_planks":12,"minecraft:iron_helmet":1,"minecraft:air":0,"minecraft:iron_boots":1,"minecraft:iron_chestplate":1,"minecraft:iron_axe":1,"minecraft:stick":8,"minecraft:iron_ingot":13,"minecraft:iron_pickaxe":1,"minecraft:iron_leggings":1},"minecraft:mined":{"minecraft:deepslate_redstone_ore":4,"minecraft:tuff":1,"minecraft:crafting_table":2,"minecraft:glow_lichen":1,"minecraft:oak_planks":30,"minecraft:amethyst_block":3,"minecraft:large_fern":2,"minecraft:tall_seagrass":2,"minecraft:spruce_log":3,"minecraft:oak_log":3,"minecraft:deepslate_iron_ore":15,"minecraft:deepslate":6},"minecraft:dropped":{"minecraft:diamond":1,"minecraft:chicken":1,"minecraft:mutton":6,"minecraft:gold_nugget":2,"minecraft:iron_axe":1,"minecraft:white_wool":1},"minecraft:killed":{"minecraft:salmon":2,"minecraft:spider":1,"minecraft:creeper":1,"minecraft:skeleton":2,"minecraft:zombie":9,"minecraft:chicken":1,"minecraft:cow":1},"minecraft:picked_up":{"minecraft:crafting_table":6,"minecraft:iron_chestplate":4,"minecraft:feather":1,"minecraft:chicken":2,"minecraft:salmon":2,"minecraft:leather":2,"minecraft:tuff":3,"minecraft:oak_log":12,"minecraft:gunpowder":2,"minecraft:amethyst_block":15,"minecraft:dirt":1,"minecraft:string":16,"minecraft:iron_axe":6,"minecraft:iron_leggings":1,"minecraft:bone":16,"minecraft:bow":5,"minecraft:gold_nugget":2,"minecraft:cobbled_deepslate":8,"minecraft:spruce_planks":8,"minecraft:iron_ingot":39,"minecraft:beef":1,"minecraft:stone_pickaxe":5,"minecraft:iron_pickaxe":5,"minecraft:oak_planks":82,"minecraft:iron_boots":1,"minecraft:egg":1,"minecraft:stick":16,"minecraft:raw_iron":33,"minecraft:spruce_log":3,"minecraft:redstone":68,"minecraft:spider_eye":1,"minecraft:arrow":33,"minecraft:rotten_flesh":14,"minecraft:diamond":3,"minecraft:iron_helmet":1,"minecraft:bone_meal":6,"minecraft:mutton":6,"minecraft:white_wool":2,"minecraft:cobblestone":1}},"DataVersion":3465}