{"stats":{"minecraft:picked_up":{"minecraft:hay_block":4},"minecraft:mined":{"minecraft:hay_block":4,"minecraft:grass":1,"minecraft:tall_grass":1},"minecraft:used":{"minecraft:hay_block":2,"minecraft:bread":2,"minecraft:baked_potato":3,"minecraft:cod":1},"minecraft:custom":{"minecraft:time_since_rest":18684,"enigmaticlegacy:play_time_with_seven_curses":0,"minecraft:crouch_one_cm":605,"minecraft:play_time":18684,"lootr:looted_stat":7,"minecraft:sprint_one_cm":33314,"minecraft:damage_taken":295,"minecraft:walk_one_cm":13767,"minecraft:sneak_time":174,"minecraft:walk_under_water_one_cm":214,"minecraft:aviate_one_cm":50342,"minecraft:jump":128,"minecraft:damage_dealt":12,"minecraft:leave_game":1,"minecraft:time_since_death":18684,"minecraft:walk_on_water_one_cm":1628,"minecraft:climb_one_cm":291,"enigmaticlegacy:play_time_without_seven_curses":18684,"minecraft:total_world_time":18684,"minecraft:swim_one_cm":1400,"minecraft:fall_one_cm":2280,"minecraft:fly_one_cm":35105}},"DataVersion":3120}