{"stats":{"minecraft:custom":{"minecraft:mob_kills":57,"minecraft:interact_with_crafting_table":30,"minecraft:leave_game":1,"minecraft:time_since_death":61419,"minecraft:sprint_one_cm":238347,"minecraft:walk_one_cm":280902,"minecraft:damage_blocked_by_shield":3045,"minecraft:drop":60,"minecraft:play_time":97319,"minecraft:deaths":3,"minecraft:sneak_time":13443,"minecraft:walk_under_water_one_cm":20027,"minecraft:jump":1791,"minecraft:walk_on_water_one_cm":12835,"minecraft:total_world_time":97319,"minecraft:interact_with_furnace":88,"minecraft:sleep_in_bed":1,"minecraft:time_since_rest":37335,"minecraft:damage_taken":3111,"minecraft:damage_dealt":9252,"minecraft:swim_one_cm":16439,"minecraft:fly_one_cm":196863,"minecraft:player_kills":4,"minecraft:open_chest":9,"minecraft:crouch_one_cm":28482,"minecraft:fall_one_cm":41879},"minecraft:broken":{"minecraft:shield":1},"minecraft:killed_by":{"minecraft:creeper":2,"minecraft:skeleton":1},"minecraft:used":{"minecraft:chest":1,"minecraft:spruce_planks":46,"minecraft:shield":54,"minecraft:cooked_salmon":20,"minecraft:cooked_chicken":1,"minecraft:rotten_flesh":4,"minecraft:torch":3,"minecraft:dirt":27,"minecraft:tuff":9,"minecraft:wooden_axe":2,"minecraft:iron_axe":142,"minecraft:iron_helmet":1,"minecraft:bow":1,"minecraft:sweet_berries":32,"minecraft:furnace":8,"minecraft:cooked_beef":1,"minecraft:cobbled_deepslate":65,"minecraft:calcite":3,"minecraft:cooked_mutton":6,"minecraft:water_bucket":5,"minecraft:amethyst_block":10,"minecraft:spruce_door":1,"minecraft:stone_pickaxe":79,"minecraft:wooden_pickaxe":32,"minecraft:glow_berries":7,"minecraft:crafting_table":8,"minecraft:iron_pickaxe":240,"minecraft:stone_axe":48,"minecraft:cobblestone":27,"minecraft:bucket":6},"minecraft:crafted":{"minecraft:oak_planks":104,"minecraft:raw_iron":36,"minecraft:cooked_chicken":1,"minecraft:furnace":4,"minecraft:cooked_mutton":6,"minecraft:iron_boots":1,"minecraft:iron_axe":2,"minecraft:stone_pickaxe":1,"minecraft:crafting_table":3,"minecraft:spruce_planks":60,"minecraft:wooden_pickaxe":1,"minecraft:iron_helmet":1,"minecraft:spruce_door":3,"minecraft:cooked_salmon":16,"minecraft:bucket":1,"minecraft:birch_planks":24,"minecraft:stone_axe":1,"minecraft:air":0,"minecraft:diamond_pickaxe":1,"minecraft:iron_chestplate":1,"minecraft:gold_nugget":2,"minecraft:shield":2,"minecraft:stick":28,"minecraft:iron_pickaxe":2,"minecraft:iron_ingot":115,"minecraft:wooden_axe":1,"minecraft:gold_ingot":9,"minecraft:iron_leggings":1,"minecraft:torch":32},"minecraft:mined":{"minecraft:diamond_ore":2,"minecraft:large_amethyst_bud":3,"minecraft:tuff":9,"minecraft:spruce_planks":3,"minecraft:deepslate_diamond_ore":12,"minecraft:spruce_leaves":5,"minecraft:large_fern":2,"minecraft:raw_iron_block":4,"minecraft:furnace":4,"minecraft:iron_ore":19,"minecraft:cobbled_deepslate":18,"minecraft:deepslate_lapis_ore":3,"minecraft:gold_block":1,"minecraft:deepslate_iron_ore":55,"minecraft:stone":47,"minecraft:deepslate_redstone_ore":2,"minecraft:medium_amethyst_bud":1,"minecraft:amethyst_cluster":1,"minecraft:crafting_table":5,"minecraft:calcite":3,"minecraft:cobblestone":12,"minecraft:deepslate_gold_ore":21,"minecraft:diorite":3,"minecraft:amethyst_block":20,"minecraft:birch_log":6,"minecraft:sweet_berry_bush":3,"minecraft:spruce_log":15,"minecraft:grass":12,"minecraft:coal_ore":29,"minecraft:oak_log":28,"minecraft:dirt":14,"minecraft:gold_ore":4,"minecraft:oak_leaves":2,"minecraft:deepslate":72},"minecraft:dropped":{"minecraft:iron_ingot":28,"minecraft:wheat_seeds":4,"minecraft:diamond":1,"minecraft:dripstone_block":5,"minecraft:granite":1,"minecraft:dirt":1,"minecraft:diorite":4,"minecraft:wooden_axe":1,"minecraft:brown_wool":1,"minecraft:gold_nugget":2,"minecraft:iron_axe":1,"minecraft:iron_pickaxe":1,"minecraft:string":3,"minecraft:white_wool":1,"minecraft:stone_axe":1,"minecraft:iron_nugget":2,"minecraft:cobbled_deepslate":4,"minecraft:tuff":1,"minecraft:pointed_dripstone":6,"minecraft:rotten_flesh":20,"minecraft:light_gray_wool":1,"minecraft:spruce_planks":23,"minecraft:andesite":3,"minecraft:spider_eye":1,"minecraft:bow":1,"minecraft:stone_pickaxe":2,"minecraft:wooden_pickaxe":1},"minecraft:killed":{"minecraft:spider":4,"minecraft:skeleton":17,"minecraft:salmon":11,"minecraft:creeper":1,"minecraft:sheep":1,"minecraft:zombie":21,"minecraft:cow":1},"minecraft:picked_up":{"minecraft:wooden_axe":1,"minecraft:crafting_table":7,"minecraft:iron_chestplate":1,"minecraft:chicken":1,"minecraft:wooden_pickaxe":1,"minecraft:gold_block":1,"minecraft:shield":3,"minecraft:golden_sword":1,"minecraft:amethyst_block":20,"minecraft:string":4,"minecraft:iron_axe":2,"minecraft:cooked_salmon":10,"minecraft:iron_leggings":2,"minecraft:cobbled_deepslate":86,"minecraft:spruce_planks":130,"minecraft:beef":2,"minecraft:calcite":3,"minecraft:iron_nugget":2,"minecraft:iron_pickaxe":2,"minecraft:light_gray_wool":1,"minecraft:chest":1,"minecraft:iron_boots":1,"minecraft:furnace":4,"minecraft:raw_iron":135,"minecraft:torch":94,"minecraft:pointed_dripstone":7,"minecraft:diorite":4,"minecraft:redstone":9,"minecraft:arrow":20,"minecraft:rotten_flesh":26,"minecraft:glow_berries":16,"minecraft:mutton":8,"minecraft:white_wool":1,"minecraft:cobblestone":108,"minecraft:birch_log":6,"minecraft:cooked_beef":2,"minecraft:salmon":11,"minecraft:water_bucket":2,"minecraft:glow_ink_sac":3,"minecraft:andesite":3,"minecraft:leather":1,"minecraft:brown_wool":1,"minecraft:tuff":10,"minecraft:oak_log":27,"minecraft:golden_boots":1,"minecraft:gunpowder":6,"minecraft:lapis_lazuli":76,"minecraft:dirt":38,"minecraft:bone":26,"minecraft:bow":2,"minecraft:wheat_seeds":4,"minecraft:raw_gold":32,"minecraft:iron_ingot":1,"minecraft:stone_pickaxe":4,"minecraft:oak_planks":9,"minecraft:sweet_berries":90,"minecraft:raw_iron_block":4,"minecraft:dripstone_block":5,"minecraft:sand":10,"minecraft:amethyst_shard":4,"minecraft:spruce_log":15,"minecraft:spider_eye":2,"minecraft:diamond":15,"minecraft:stone_axe":3,"minecraft:iron_helmet":2,"minecraft:granite":1,"minecraft:bone_meal":1,"minecraft:coal":44}},"DataVersion":3465}