{"stats":{"minecraft:custom":{"minecraft:interact_with_furnace":40,"minecraft:mob_kills":37,"minecraft:interact_with_crafting_table":19,"minecraft:time_since_death":22118,"minecraft:time_since_rest":22150,"minecraft:sprint_one_cm":146932,"minecraft:damage_taken":2143,"minecraft:walk_one_cm":168916,"minecraft:damage_blocked_by_shield":1995,"minecraft:drop":30,"minecraft:damage_dealt":5268,"minecraft:player_kills":1,"minecraft:swim_one_cm":16439,"minecraft:fly_one_cm":105430,"minecraft:crouch_one_cm":15265,"minecraft:play_time":58018,"minecraft:deaths":3,"minecraft:sneak_time":8304,"minecraft:walk_under_water_one_cm":16751,"minecraft:jump":1127,"minecraft:walk_on_water_one_cm":10630,"minecraft:total_world_time":58018,"minecraft:fall_one_cm":26327},"minecraft:killed_by":{"minecraft:skeleton":1,"minecraft:creeper":2},"minecraft:used":{"minecraft:cooked_mutton":2,"minecraft:water_bucket":3,"minecraft:stone_pickaxe":79,"minecraft:wooden_pickaxe":32,"minecraft:shield":27,"minecraft:cooked_salmon":11,"minecraft:rotten_flesh":4,"minecraft:torch":3,"minecraft:glow_berries":4,"minecraft:dirt":27,"minecraft:crafting_table":5,"minecraft:wooden_axe":2,"minecraft:iron_axe":40,"minecraft:iron_pickaxe":87,"minecraft:iron_helmet":1,"minecraft:stone_axe":48,"minecraft:cobblestone":27,"minecraft:sweet_berries":32,"minecraft:furnace":5,"minecraft:bucket":4,"minecraft:cobbled_deepslate":23},"minecraft:crafted":{"minecraft:crafting_table":2,"minecraft:spruce_planks":60,"minecraft:cooked_chicken":1,"minecraft:iron_helmet":1,"minecraft:wooden_pickaxe":1,"minecraft:furnace":4,"minecraft:cooked_salmon":11,"minecraft:bucket":1,"minecraft:stone_axe":1,"minecraft:cooked_mutton":6,"minecraft:air":0,"minecraft:iron_boots":1,"minecraft:iron_chestplate":1,"minecraft:shield":1,"minecraft:iron_axe":1,"minecraft:stick":20,"minecraft:iron_ingot":48,"minecraft:iron_pickaxe":1,"minecraft:stone_pickaxe":1,"minecraft:wooden_axe":1,"minecraft:iron_leggings":1,"minecraft:torch":32},"minecraft:mined":{"minecraft:deepslate_redstone_ore":2,"minecraft:diamond_ore":2,"minecraft:deepslate_diamond_ore":5,"minecraft:crafting_table":4,"minecraft:cobblestone":12,"minecraft:spruce_leaves":5,"minecraft:deepslate_gold_ore":6,"minecraft:diorite":3,"minecraft:large_fern":2,"minecraft:furnace":2,"minecraft:iron_ore":19,"minecraft:cobbled_deepslate":9,"minecraft:sweet_berry_bush":3,"minecraft:spruce_log":15,"minecraft:deepslate_lapis_ore":3,"minecraft:coal_ore":29,"minecraft:deepslate_iron_ore":26,"minecraft:dirt":14,"minecraft:stone":47,"minecraft:gold_ore":4,"minecraft:deepslate":24},"minecraft:dropped":{"minecraft:iron_ingot":15,"minecraft:stone_axe":1,"minecraft:cobbled_deepslate":2,"minecraft:dripstone_block":5,"minecraft:pointed_dripstone":6,"minecraft:rotten_flesh":6,"minecraft:light_gray_wool":1,"minecraft:granite":1,"minecraft:dirt":1,"minecraft:diorite":4,"minecraft:spruce_planks":23,"minecraft:andesite":3,"minecraft:wooden_axe":1,"minecraft:brown_wool":1,"minecraft:spider_eye":1,"minecraft:stone_pickaxe":1,"minecraft:wooden_pickaxe":1,"minecraft:string":1},"minecraft:killed":{"minecraft:salmon":11,"minecraft:spider":2,"minecraft:creeper":1,"minecraft:skeleton":11,"minecraft:zombie":12},"minecraft:picked_up":{"minecraft:wooden_axe":1,"minecraft:iron_chestplate":1,"minecraft:crafting_table":6,"minecraft:chicken":1,"minecraft:andesite":3,"minecraft:water_bucket":2,"minecraft:salmon":11,"minecraft:brown_wool":1,"minecraft:wooden_pickaxe":1,"minecraft:shield":3,"minecraft:gunpowder":6,"minecraft:lapis_lazuli":76,"minecraft:dirt":38,"minecraft:string":2,"minecraft:iron_axe":2,"minecraft:cooked_salmon":6,"minecraft:iron_leggings":2,"minecraft:bone":19,"minecraft:bow":1,"minecraft:cobbled_deepslate":34,"minecraft:raw_gold":18,"minecraft:spruce_planks":66,"minecraft:iron_ingot":1,"minecraft:stone_pickaxe":3,"minecraft:iron_pickaxe":2,"minecraft:light_gray_wool":1,"minecraft:iron_boots":1,"minecraft:furnace":2,"minecraft:raw_iron":50,"minecraft:sweet_berries":90,"minecraft:torch":94,"minecraft:dripstone_block":5,"minecraft:pointed_dripstone":7,"minecraft:diorite":4,"minecraft:spruce_log":15,"minecraft:redstone":9,"minecraft:spider_eye":2,"minecraft:arrow":16,"minecraft:rotten_flesh":12,"minecraft:diamond":7,"minecraft:stone_axe":3,"minecraft:iron_helmet":2,"minecraft:granite":1,"minecraft:bone_meal":1,"minecraft:glow_berries":16,"minecraft:mutton":6,"minecraft:coal":44,"minecraft:cobblestone":108}},"DataVersion":3465}