{"stats":{"minecraft:custom":{"minecraft:interact_with_furnace":54,"minecraft:mob_kills":46,"minecraft:interact_with_crafting_table":21,"minecraft:time_since_death":34118,"minecraft:sleep_in_bed":1,"minecraft:time_since_rest":10034,"minecraft:sprint_one_cm":173514,"minecraft:damage_taken":2715,"minecraft:walk_one_cm":203826,"minecraft:damage_blocked_by_shield":2745,"minecraft:drop":37,"minecraft:damage_dealt":7507,"minecraft:player_kills":3,"minecraft:swim_one_cm":16439,"minecraft:fly_one_cm":140554,"minecraft:crouch_one_cm":20113,"minecraft:play_time":70018,"minecraft:deaths":3,"minecraft:sneak_time":10538,"minecraft:walk_under_water_one_cm":16751,"minecraft:jump":1429,"minecraft:walk_on_water_one_cm":10635,"minecraft:total_world_time":70018,"minecraft:fall_one_cm":33013},"minecraft:killed_by":{"minecraft:skeleton":1,"minecraft:creeper":2},"minecraft:broken":{"minecraft:shield":1},"minecraft:used":{"minecraft:calcite":3,"minecraft:cooked_mutton":5,"minecraft:water_bucket":4,"minecraft:amethyst_block":10,"minecraft:stone_pickaxe":79,"minecraft:wooden_pickaxe":32,"minecraft:shield":49,"minecraft:cooked_salmon":16,"minecraft:cooked_chicken":1,"minecraft:rotten_flesh":4,"minecraft:torch":3,"minecraft:glow_berries":4,"minecraft:dirt":27,"minecraft:crafting_table":5,"minecraft:tuff":9,"minecraft:wooden_axe":2,"minecraft:iron_axe":81,"minecraft:iron_pickaxe":175,"minecraft:iron_helmet":1,"minecraft:stone_axe":48,"minecraft:bow":1,"minecraft:cobblestone":27,"minecraft:sweet_berries":32,"minecraft:furnace":6,"minecraft:bucket":5,"minecraft:cobbled_deepslate":31},"minecraft:crafted":{"minecraft:raw_iron":36,"minecraft:crafting_table":2,"minecraft:spruce_planks":60,"minecraft:cooked_chicken":1,"minecraft:iron_helmet":1,"minecraft:wooden_pickaxe":1,"minecraft:furnace":4,"minecraft:cooked_salmon":16,"minecraft:bucket":1,"minecraft:stone_axe":1,"minecraft:cooked_mutton":6,"minecraft:air":0,"minecraft:iron_boots":1,"minecraft:iron_chestplate":1,"minecraft:shield":2,"minecraft:iron_axe":1,"minecraft:stick":20,"minecraft:iron_ingot":61,"minecraft:iron_pickaxe":1,"minecraft:stone_pickaxe":1,"minecraft:wooden_axe":1,"minecraft:iron_leggings":1,"minecraft:torch":32},"minecraft:mined":{"minecraft:large_amethyst_bud":3,"minecraft:deepslate_redstone_ore":2,"minecraft:diamond_ore":2,"minecraft:tuff":9,"minecraft:deepslate_diamond_ore":8,"minecraft:medium_amethyst_bud":1,"minecraft:amethyst_cluster":1,"minecraft:crafting_table":5,"minecraft:calcite":3,"minecraft:cobblestone":12,"minecraft:spruce_leaves":5,"minecraft:deepslate_gold_ore":11,"minecraft:diorite":3,"minecraft:amethyst_block":20,"minecraft:large_fern":2,"minecraft:raw_iron_block":4,"minecraft:furnace":3,"minecraft:iron_ore":19,"minecraft:cobbled_deepslate":9,"minecraft:sweet_berry_bush":3,"minecraft:spruce_log":15,"minecraft:deepslate_lapis_ore":3,"minecraft:coal_ore":29,"minecraft:deepslate_iron_ore":48,"minecraft:dirt":14,"minecraft:stone":47,"minecraft:gold_ore":4,"minecraft:deepslate":39},"minecraft:dropped":{"minecraft:iron_ingot":15,"minecraft:stone_axe":1,"minecraft:cobbled_deepslate":3,"minecraft:tuff":1,"minecraft:dripstone_block":5,"minecraft:pointed_dripstone":6,"minecraft:rotten_flesh":12,"minecraft:light_gray_wool":1,"minecraft:granite":1,"minecraft:dirt":1,"minecraft:diorite":4,"minecraft:spruce_planks":23,"minecraft:andesite":3,"minecraft:wooden_axe":1,"minecraft:brown_wool":1,"minecraft:spider_eye":1,"minecraft:stone_pickaxe":1,"minecraft:wooden_pickaxe":1,"minecraft:string":1},"minecraft:killed":{"minecraft:salmon":11,"minecraft:spider":3,"minecraft:creeper":1,"minecraft:skeleton":15,"minecraft:zombie":16},"minecraft:picked_up":{"minecraft:wooden_axe":1,"minecraft:iron_chestplate":1,"minecraft:crafting_table":7,"minecraft:chicken":1,"minecraft:andesite":3,"minecraft:water_bucket":2,"minecraft:salmon":11,"minecraft:brown_wool":1,"minecraft:wooden_pickaxe":1,"minecraft:tuff":10,"minecraft:shield":3,"minecraft:gunpowder":6,"minecraft:amethyst_block":20,"minecraft:lapis_lazuli":76,"minecraft:dirt":38,"minecraft:string":2,"minecraft:iron_axe":2,"minecraft:cooked_salmon":10,"minecraft:iron_leggings":2,"minecraft:bone":24,"minecraft:bow":1,"minecraft:cobbled_deepslate":49,"minecraft:raw_gold":23,"minecraft:spruce_planks":98,"minecraft:iron_ingot":1,"minecraft:stone_pickaxe":3,"minecraft:calcite":3,"minecraft:iron_pickaxe":2,"minecraft:light_gray_wool":1,"minecraft:iron_boots":1,"minecraft:furnace":3,"minecraft:raw_iron":72,"minecraft:sweet_berries":90,"minecraft:raw_iron_block":4,"minecraft:torch":94,"minecraft:dripstone_block":5,"minecraft:amethyst_shard":4,"minecraft:pointed_dripstone":7,"minecraft:diorite":4,"minecraft:spruce_log":15,"minecraft:redstone":9,"minecraft:spider_eye":2,"minecraft:arrow":20,"minecraft:rotten_flesh":18,"minecraft:diamond":10,"minecraft:stone_axe":3,"minecraft:iron_helmet":2,"minecraft:granite":1,"minecraft:bone_meal":1,"minecraft:glow_berries":16,"minecraft:mutton":6,"minecraft:coal":44,"minecraft:cobblestone":108}},"DataVersion":3465}