{"stats":{"minecraft:custom":{"minecraft:time_since_rest":2764,"minecraft:sprint_one_cm":73457,"minecraft:interact_with_furnace":15,"minecraft:damage_taken":785,"minecraft:walk_one_cm":68026,"minecraft:mob_kills":17,"minecraft:drop":6,"minecraft:damage_dealt":1594,"minecraft:swim_one_cm":13245,"minecraft:interact_with_crafting_table":7,"minecraft:fly_one_cm":34678,"minecraft:crouch_one_cm":5042,"minecraft:play_time":22018,"minecraft:deaths":1,"minecraft:sneak_time":3577,"minecraft:walk_under_water_one_cm":10411,"minecraft:jump":378,"minecraft:time_since_death":2694,"minecraft:walk_on_water_one_cm":4444,"minecraft:total_world_time":22018,"minecraft:fall_one_cm":4629},"minecraft:killed_by":{"minecraft:creeper":1},"minecraft:used":{"minecraft:wooden_axe":2,"minecraft:stone_pickaxe":44,"minecraft:wooden_pickaxe":32,"minecraft:cooked_salmon":7,"minecraft:stone_axe":39,"minecraft:dirt":20,"minecraft:sweet_berries":4,"minecraft:crafting_table":4,"minecraft:furnace":2,"minecraft:cobbled_deepslate":2},"minecraft:crafted":{"minecraft:shield":1,"minecraft:crafting_table":1,"minecraft:spruce_planks":60,"minecraft:stick":16,"minecraft:iron_ingot":4,"minecraft:wooden_axe":1,"minecraft:wooden_pickaxe":1,"minecraft:stone_pickaxe":1,"minecraft:furnace":1,"minecraft:cooked_salmon":11,"minecraft:torch":32,"minecraft:stone_axe":1,"minecraft:air":0},"minecraft:mined":{"minecraft:large_fern":2,"minecraft:furnace":1,"minecraft:iron_ore":11,"minecraft:sweet_berry_bush":3,"minecraft:spruce_log":15,"minecraft:deepslate_lapis_ore":3,"minecraft:crafting_table":3,"minecraft:coal_ore":25,"minecraft:dirt":14,"minecraft:spruce_leaves":5,"minecraft:stone":34,"minecraft:deepslate":2},"minecraft:dropped":{"minecraft:diorite":1,"minecraft:dripstone_block":5,"minecraft:wooden_axe":1,"minecraft:pointed_dripstone":2,"minecraft:cobbled_deepslate":1},"minecraft:killed":{"minecraft:skeleton":5,"minecraft:salmon":11,"minecraft:spider":1},"minecraft:picked_up":{"minecraft:wooden_axe":1,"minecraft:raw_iron":14,"minecraft:crafting_table":3,"minecraft:sweet_berries":60,"minecraft:salmon":11,"minecraft:torch":32,"minecraft:dripstone_block":5,"minecraft:pointed_dripstone":2,"minecraft:diorite":1,"minecraft:shield":1,"minecraft:spider_eye":2,"minecraft:string":2,"minecraft:lapis_lazuli":38,"minecraft:spruce_log":15,"minecraft:dirt":38,"minecraft:cooked_salmon":4,"minecraft:bone":7,"minecraft:stone_axe":1,"minecraft:cobbled_deepslate":3,"minecraft:spruce_planks":36,"minecraft:stone_pickaxe":1,"minecraft:bone_meal":1,"minecraft:glow_berries":8,"minecraft:coal":37,"minecraft:cobblestone":53,"minecraft:furnace":1}},"DataVersion":3465}