{"stats":{"minecraft:custom":{"minecraft:interact_with_furnace":30,"minecraft:mob_kills":22,"minecraft:interact_with_crafting_table":16,"minecraft:time_since_death":14694,"minecraft:time_since_rest":14764,"minecraft:sprint_one_cm":95771,"minecraft:damage_taken":1053,"minecraft:walk_one_cm":100713,"minecraft:damage_blocked_by_shield":465,"minecraft:drop":13,"minecraft:damage_dealt":2600,"minecraft:swim_one_cm":16174,"minecraft:fly_one_cm":51029,"minecraft:crouch_one_cm":7575,"minecraft:play_time":34018,"minecraft:deaths":1,"minecraft:sneak_time":4744,"minecraft:walk_under_water_one_cm":14970,"minecraft:jump":621,"minecraft:walk_on_water_one_cm":8825,"minecraft:total_world_time":34018,"minecraft:fall_one_cm":7994},"minecraft:killed_by":{"minecraft:creeper":1},"minecraft:used":{"minecraft:water_bucket":1,"minecraft:stone_pickaxe":75,"minecraft:wooden_pickaxe":32,"minecraft:shield":8,"minecraft:cooked_salmon":9,"minecraft:dirt":27,"minecraft:crafting_table":4,"minecraft:wooden_axe":2,"minecraft:iron_axe":6,"minecraft:iron_pickaxe":4,"minecraft:iron_helmet":1,"minecraft:stone_axe":45,"minecraft:sweet_berries":17,"minecraft:furnace":4,"minecraft:bucket":2,"minecraft:cobbled_deepslate":2},"minecraft:mined":{"minecraft:crafting_table":3,"minecraft:spruce_leaves":5,"minecraft:large_fern":2,"minecraft:furnace":1,"minecraft:iron_ore":14,"minecraft:sweet_berry_bush":3,"minecraft:spruce_log":15,"minecraft:deepslate_lapis_ore":3,"minecraft:coal_ore":28,"minecraft:deepslate_iron_ore":12,"minecraft:dirt":14,"minecraft:stone":46,"minecraft:gold_ore":4,"minecraft:deepslate":3},"minecraft:crafted":{"minecraft:crafting_table":2,"minecraft:spruce_planks":60,"minecraft:iron_helmet":1,"minecraft:wooden_pickaxe":1,"minecraft:furnace":3,"minecraft:cooked_salmon":11,"minecraft:bucket":1,"minecraft:stone_axe":1,"minecraft:air":0,"minecraft:iron_boots":1,"minecraft:iron_chestplate":1,"minecraft:shield":1,"minecraft:iron_axe":1,"minecraft:stick":20,"minecraft:iron_ingot":34,"minecraft:iron_pickaxe":1,"minecraft:stone_pickaxe":1,"minecraft:wooden_axe":1,"minecraft:iron_leggings":1,"minecraft:torch":32},"minecraft:dropped":{"minecraft:cobbled_deepslate":2,"minecraft:dripstone_block":5,"minecraft:pointed_dripstone":2,"minecraft:light_gray_wool":1,"minecraft:dirt":1,"minecraft:diorite":1,"minecraft:wooden_axe":1,"minecraft:brown_wool":1,"minecraft:spider_eye":1,"minecraft:wooden_pickaxe":1,"minecraft:string":1},"minecraft:killed":{"minecraft:salmon":11,"minecraft:spider":1,"minecraft:creeper":1,"minecraft:skeleton":7,"minecraft:zombie":2},"minecraft:picked_up":{"minecraft:wooden_axe":1,"minecraft:crafting_table":3,"minecraft:salmon":11,"minecraft:brown_wool":1,"minecraft:wooden_pickaxe":1,"minecraft:shield":1,"minecraft:gunpowder":2,"minecraft:lapis_lazuli":38,"minecraft:dirt":38,"minecraft:string":2,"minecraft:cooked_salmon":4,"minecraft:bone":10,"minecraft:cobbled_deepslate":4,"minecraft:raw_gold":4,"minecraft:spruce_planks":36,"minecraft:stone_pickaxe":1,"minecraft:light_gray_wool":1,"minecraft:furnace":1,"minecraft:raw_iron":29,"minecraft:sweet_berries":60,"minecraft:torch":32,"minecraft:dripstone_block":5,"minecraft:pointed_dripstone":2,"minecraft:diorite":1,"minecraft:spruce_log":15,"minecraft:spider_eye":2,"minecraft:arrow":4,"minecraft:stone_axe":1,"minecraft:bone_meal":1,"minecraft:glow_berries":8,"minecraft:coal":39,"minecraft:cobblestone":64}},"DataVersion":3465}