{"stats":{"minecraft:custom":{"minecraft:interact_with_furnace":33,"minecraft:mob_kills":32,"minecraft:interact_with_crafting_table":16,"minecraft:time_since_death":10118,"minecraft:time_since_rest":10150,"minecraft:sprint_one_cm":128289,"minecraft:damage_taken":1945,"minecraft:walk_one_cm":138892,"minecraft:damage_blocked_by_shield":900,"minecraft:drop":25,"minecraft:damage_dealt":4361,"minecraft:swim_one_cm":16439,"minecraft:fly_one_cm":82217,"minecraft:crouch_one_cm":10541,"minecraft:play_time":46018,"minecraft:deaths":3,"minecraft:sneak_time":6309,"minecraft:walk_under_water_one_cm":16751,"minecraft:jump":880,"minecraft:walk_on_water_one_cm":10630,"minecraft:total_world_time":46018,"minecraft:fall_one_cm":22811},"minecraft:killed_by":{"minecraft:skeleton":1,"minecraft:creeper":2},"minecraft:used":{"minecraft:water_bucket":2,"minecraft:stone_pickaxe":79,"minecraft:wooden_pickaxe":32,"minecraft:shield":15,"minecraft:cooked_salmon":11,"minecraft:torch":3,"minecraft:glow_berries":4,"minecraft:dirt":27,"minecraft:crafting_table":4,"minecraft:wooden_axe":2,"minecraft:iron_axe":26,"minecraft:iron_pickaxe":31,"minecraft:iron_helmet":1,"minecraft:stone_axe":48,"minecraft:cobblestone":15,"minecraft:sweet_berries":32,"minecraft:furnace":4,"minecraft:bucket":3,"minecraft:cobbled_deepslate":5},"minecraft:crafted":{"minecraft:crafting_table":2,"minecraft:spruce_planks":60,"minecraft:iron_helmet":1,"minecraft:wooden_pickaxe":1,"minecraft:furnace":3,"minecraft:cooked_salmon":11,"minecraft:bucket":1,"minecraft:stone_axe":1,"minecraft:air":0,"minecraft:iron_boots":1,"minecraft:iron_chestplate":1,"minecraft:shield":1,"minecraft:iron_axe":1,"minecraft:stick":20,"minecraft:iron_ingot":48,"minecraft:iron_pickaxe":1,"minecraft:stone_pickaxe":1,"minecraft:wooden_axe":1,"minecraft:iron_leggings":1,"minecraft:torch":32},"minecraft:mined":{"minecraft:diamond_ore":2,"minecraft:deepslate_diamond_ore":3,"minecraft:crafting_table":3,"minecraft:cobblestone":3,"minecraft:spruce_leaves":5,"minecraft:diorite":3,"minecraft:large_fern":2,"minecraft:furnace":1,"minecraft:iron_ore":19,"minecraft:sweet_berry_bush":3,"minecraft:spruce_log":15,"minecraft:deepslate_lapis_ore":3,"minecraft:coal_ore":29,"minecraft:deepslate_iron_ore":19,"minecraft:dirt":14,"minecraft:stone":47,"minecraft:gold_ore":4,"minecraft:deepslate":9},"minecraft:dropped":{"minecraft:stone_axe":1,"minecraft:cobbled_deepslate":2,"minecraft:dripstone_block":5,"minecraft:pointed_dripstone":6,"minecraft:rotten_flesh":4,"minecraft:light_gray_wool":1,"minecraft:granite":1,"minecraft:dirt":1,"minecraft:diorite":4,"minecraft:spruce_planks":15,"minecraft:andesite":3,"minecraft:wooden_axe":1,"minecraft:brown_wool":1,"minecraft:spider_eye":1,"minecraft:wooden_pickaxe":1,"minecraft:string":1},"minecraft:killed":{"minecraft:salmon":11,"minecraft:spider":1,"minecraft:creeper":1,"minecraft:skeleton":10,"minecraft:zombie":9},"minecraft:picked_up":{"minecraft:wooden_axe":1,"minecraft:iron_chestplate":1,"minecraft:crafting_table":5,"minecraft:andesite":3,"minecraft:water_bucket":2,"minecraft:salmon":11,"minecraft:brown_wool":1,"minecraft:wooden_pickaxe":1,"minecraft:shield":3,"minecraft:gunpowder":6,"minecraft:lapis_lazuli":76,"minecraft:dirt":38,"minecraft:string":2,"minecraft:iron_axe":2,"minecraft:cooked_salmon":6,"minecraft:iron_leggings":2,"minecraft:bone":18,"minecraft:bow":1,"minecraft:cobbled_deepslate":10,"minecraft:raw_gold":12,"minecraft:spruce_planks":66,"minecraft:stone_pickaxe":3,"minecraft:iron_pickaxe":2,"minecraft:light_gray_wool":1,"minecraft:iron_boots":1,"minecraft:furnace":1,"minecraft:raw_iron":44,"minecraft:sweet_berries":90,"minecraft:torch":94,"minecraft:dripstone_block":5,"minecraft:pointed_dripstone":7,"minecraft:diorite":4,"minecraft:spruce_log":15,"minecraft:spider_eye":2,"minecraft:arrow":14,"minecraft:rotten_flesh":8,"minecraft:diamond":5,"minecraft:stone_axe":3,"minecraft:iron_helmet":2,"minecraft:granite":1,"minecraft:bone_meal":1,"minecraft:glow_berries":16,"minecraft:coal":40,"minecraft:cobblestone":100}},"DataVersion":3465}