{"stats":{"minecraft:custom":{"minecraft:time_since_rest":10018,"minecraft:sprint_one_cm":41609,"minecraft:interact_with_furnace":4,"minecraft:damage_taken":365,"minecraft:walk_one_cm":29458,"minecraft:mob_kills":11,"minecraft:damage_dealt":945,"minecraft:swim_one_cm":7790,"minecraft:interact_with_crafting_table":3,"minecraft:fly_one_cm":20011,"minecraft:crouch_one_cm":2115,"minecraft:play_time":10018,"minecraft:sneak_time":1608,"minecraft:walk_under_water_one_cm":7649,"minecraft:jump":160,"minecraft:time_since_death":10018,"minecraft:walk_on_water_one_cm":3052,"minecraft:total_world_time":10018,"minecraft:fall_one_cm":2419},"minecraft:used":{"minecraft:wooden_axe":2,"minecraft:wooden_pickaxe":32,"minecraft:cooked_salmon":4,"minecraft:stone_axe":20,"minecraft:sweet_berries":2,"minecraft:crafting_table":3,"minecraft:furnace":1},"minecraft:crafted":{"minecraft:crafting_table":1,"minecraft:spruce_planks":36,"minecraft:stick":16,"minecraft:wooden_axe":1,"minecraft:wooden_pickaxe":1,"minecraft:stone_pickaxe":1,"minecraft:furnace":1,"minecraft:cooked_salmon":8,"minecraft:stone_axe":1,"minecraft:air":0},"minecraft:mined":{"minecraft:large_fern":2,"minecraft:sweet_berry_bush":3,"minecraft:spruce_log":9,"minecraft:crafting_table":2,"minecraft:coal_ore":3,"minecraft:spruce_leaves":5,"minecraft:stone":29},"minecraft:killed":{"minecraft:skeleton":3,"minecraft:salmon":8},"minecraft:picked_up":{"minecraft:crafting_table":2,"minecraft:sweet_berries":29,"minecraft:salmon":8,"minecraft:spruce_log":9,"minecraft:bone":5,"minecraft:bone_meal":1,"minecraft:coal":3,"minecraft:cobblestone":29}},"DataVersion":3465}