{"stats":{"minecraft:custom":{"minecraft:interact_with_furnace":39,"minecraft:mob_kills":19,"minecraft:interact_with_crafting_table":6,"minecraft:time_since_death":10563,"minecraft:climb_one_cm":990,"minecraft:time_since_rest":10597,"minecraft:sprint_one_cm":119710,"minecraft:damage_taken":982,"minecraft:walk_one_cm":62595,"minecraft:damage_dealt":1767,"minecraft:talked_to_villager":1,"minecraft:swim_one_cm":451,"minecraft:fly_one_cm":101356,"minecraft:open_chest":2,"minecraft:crouch_one_cm":414,"minecraft:play_time":22854,"minecraft:deaths":1,"minecraft:sneak_time":66,"minecraft:walk_under_water_one_cm":28,"minecraft:jump":563,"minecraft:walk_on_water_one_cm":5782,"minecraft:total_world_time":22854,"minecraft:fall_one_cm":9626},"minecraft:killed_by":{"minecraft:skeleton":1},"minecraft:used":{"minecraft:cooked_mutton":3,"minecraft:stone_pickaxe":34,"minecraft:oak_planks":4,"minecraft:spruce_planks":4,"minecraft:wooden_pickaxe":18,"minecraft:cooked_chicken":1,"minecraft:torch":1,"minecraft:crafting_table":4,"minecraft:stone_axe":122,"minecraft:golden_sword":4,"minecraft:cobblestone":3,"minecraft:furnace":5,"minecraft:cooked_porkchop":2,"minecraft:egg":1,"minecraft:cooked_beef":5},"minecraft:mined":{"minecraft:crafting_table":4,"minecraft:poppy":2,"minecraft:chest":1,"minecraft:spruce_leaves":13,"minecraft:sugar_cane":12,"minecraft:oak_planks":2,"minecraft:wall_torch":1,"minecraft:tall_seagrass":1,"minecraft:magma_block":5,"minecraft:furnace":5,"minecraft:fire":64,"minecraft:sweet_berry_bush":5,"minecraft:spruce_log":13,"minecraft:pumpkin":5,"minecraft:grass":3,"minecraft:oak_log":5,"minecraft:coal_ore":2,"minecraft:vine":1,"minecraft:sand":10,"minecraft:stone":17,"minecraft:oak_leaves":1},"minecraft:crafted":{"minecraft:cooked_beef":7,"minecraft:oak_planks":16,"minecraft:cooked_porkchop":7,"minecraft:crafting_table":1,"minecraft:spruce_planks":52,"minecraft:wooden_pickaxe":1,"minecraft:cooked_chicken":1,"minecraft:furnace":1,"minecraft:stone_axe":1,"minecraft:cooked_mutton":3,"minecraft:air":0,"minecraft:stick":8,"minecraft:iron_ingot":1,"minecraft:stone_pickaxe":1,"minecraft:torch":8},"minecraft:killed":{"minecraft:pig":9,"minecraft:sheep":3,"minecraft:chicken":3,"minecraft:cow":4},"minecraft:picked_up":{"minecraft:crafting_table":5,"minecraft:magma_block":10,"minecraft:chicken":3,"minecraft:leather":9,"minecraft:wooden_pickaxe":1,"minecraft:oak_log":5,"minecraft:golden_boots":1,"minecraft:golden_sword":2,"minecraft:flint_and_steel":2,"minecraft:cobbled_deepslate":2,"minecraft:spruce_planks":16,"minecraft:beef":9,"minecraft:iron_ingot":1,"minecraft:stone_pickaxe":1,"minecraft:iron_nugget":13,"minecraft:poppy":2,"minecraft:sugar_cane":32,"minecraft:chest":1,"minecraft:oak_planks":9,"minecraft:furnace":6,"minecraft:egg":5,"minecraft:pumpkin":5,"minecraft:sweet_berries":24,"minecraft:torch":9,"minecraft:porkchop":29,"minecraft:sand":10,"minecraft:ink_sac":3,"minecraft:spruce_log":13,"minecraft:stone_axe":1,"minecraft:mutton":4,"minecraft:coal":2,"minecraft:white_wool":3,"minecraft:cobblestone":20}},"DataVersion":3465}