{"stats":{"minecraft:custom":{"minecraft:time_since_rest":10854,"minecraft:interact_with_furnace":23,"minecraft:sprint_one_cm":40541,"minecraft:damage_taken":179,"minecraft:walk_one_cm":29281,"minecraft:mob_kills":3,"minecraft:damage_dealt":190,"minecraft:interact_with_crafting_table":6,"minecraft:fly_one_cm":34759,"minecraft:open_chest":2,"minecraft:play_time":10854,"minecraft:jump":223,"minecraft:time_since_death":10854,"minecraft:walk_on_water_one_cm":3390,"minecraft:total_world_time":10854,"minecraft:fall_one_cm":3019},"minecraft:used":{"minecraft:stone_pickaxe":20,"minecraft:wooden_pickaxe":18,"minecraft:cooked_chicken":1,"minecraft:stone_axe":72,"minecraft:crafting_table":4,"minecraft:furnace":2,"minecraft:cooked_beef":1},"minecraft:mined":{"minecraft:magma_block":5,"minecraft:furnace":2,"minecraft:fire":64,"minecraft:sweet_berry_bush":5,"minecraft:spruce_log":12,"minecraft:crafting_table":4,"minecraft:oak_log":2,"minecraft:chest":1,"minecraft:sand":10,"minecraft:spruce_leaves":5,"minecraft:stone":17,"minecraft:sugar_cane":6,"minecraft:oak_leaves":1},"minecraft:crafted":{"minecraft:cooked_beef":5,"minecraft:crafting_table":1,"minecraft:stick":8,"minecraft:spruce_planks":48,"minecraft:iron_ingot":1,"minecraft:wooden_pickaxe":1,"minecraft:cooked_chicken":1,"minecraft:stone_pickaxe":1,"minecraft:furnace":1,"minecraft:stone_axe":1,"minecraft:air":0},"minecraft:killed":{"minecraft:chicken":1,"minecraft:cow":2},"minecraft:picked_up":{"minecraft:magma_block":5,"minecraft:crafting_table":4,"minecraft:chicken":1,"minecraft:sweet_berries":12,"minecraft:leather":4,"minecraft:sand":10,"minecraft:oak_log":1,"minecraft:golden_boots":1,"minecraft:golden_sword":2,"minecraft:spruce_log":12,"minecraft:flint_and_steel":1,"minecraft:spruce_planks":16,"minecraft:beef":5,"minecraft:iron_nugget":11,"minecraft:sugar_cane":12,"minecraft:chest":1,"minecraft:egg":1,"minecraft:cobblestone":17,"minecraft:furnace":2}},"DataVersion":3465}